CASE_ID,ACCIDENT_YEAR,PROC_DATE,JURIS,COLLISION_DATE,COLLISION_TIME,OFFICER_ID,REPORTING_DISTRICT,DAY_OF_WEEK,CHP_SHIFT,POPULATION,CNTY_CITY_LOC,SPECIAL_COND,BEAT_TYPE,CHP_BEAT_TYPE,CITY_DIVISION_LAPD,CHP_BEAT_CLASS,BEAT_NUMBER,PRIMARY_RD,SECONDARY_RD,DISTANCE,DIRECTION,INTERSECTION,WEATHER_1,WEATHER_2,STATE_HWY_IND,CALTRANS_COUNTY,CALTRANS_DISTRICT,STATE_ROUTE,ROUTE_SUFFIX,POSTMILE_PREFIX,POSTMILE,LOCATION_TYPE,RAMP_INTERSECTION,SIDE_OF_HWY,TOW_AWAY,COLLISION_SEVERITY,NUMBER_KILLED,NUMBER_INJURED,PARTY_COUNT,PRIMARY_COLL_FACTOR,PCF_CODE_OF_VIOL,PCF_VIOL_CATEGORY,PCF_VIOLATION,PCF_VIOL_SUBSECTION,HIT_AND_RUN,TYPE_OF_COLLISION,MVIW,PED_ACTION,ROAD_SURFACE,ROAD_COND_1,ROAD_COND_2,LIGHTING,CONTROL_DEVICE,CHP_ROAD_TYPE,PEDESTRIAN_ACCIDENT,BICYCLE_ACCIDENT,MOTORCYCLE_ACCIDENT,TRUCK_ACCIDENT,NOT_PRIVATE_PROPERTY,ALCOHOL_INVOLVED,STWD_VEHTYPE_AT_FAULT,CHP_VEHTYPE_AT_FAULT,COUNT_SEVERE_INJ,COUNT_VISIBLE_INJ,COUNT_COMPLAINT_PAIN,COUNT_PED_KILLED,COUNT_PED_INJURED,COUNT_BICYCLIST_KILLED,COUNT_BICYCLIST_INJURED,COUNT_MC_KILLED,COUNT_MC_INJURED,PRIMARY_RAMP,SECONDARY_RAMP,LATITUDE,LONGITUDE,COUNTY,CITY,POINT_X,POINT_Y
91971679,2023,2023-01-19,9370,2023-01-01,1755,22845,,7,2,6,103,0,1,1,,2,81,I-80 W/B,GILMAN ST,77.00,E,N,A,-,Y,ALA,,80, , ,6.667,H,,L,Y,3,0,1,2,A,-,1,23152,A,N,E,C,A,A,H,-,D,D,0,,,,,Y,Y,A,1,0,1,0,0,0,0,0,0,0,- ,- ,37.878398895263700,-122.30757141113300,ALAMEDA,BERKELEY,-122.30750274658200,37.878410339355500
91977164,2023,2023-01-25,9370,2023-01-18,1810,22845,,3,2,6,103,0,1,1,,2,81,I-80 E/B,GILMAN ST,1421.00,W,N,B,-,Y,ALA,,80, , ,6.371,H,,R,N,3,0,1,3,A,-,3,22350,,N,C,C,A,A,H,-,D,D,0,,,,,Y,,A,7,0,1,0,0,0,0,0,0,0,- ,- ,37.874309539794900,-122.30593872070300,ALAMEDA,BERKELEY,-122.30601501464800,37.874294281005900
91981828,2023,2023-01-30,9370,2023-01-21,2125,22826,,6,2,6,103,0,1,1,,2,81,I-80 W/B,UNIVERSITY AVE,1586.00,E,N,A,-,Y,ALA,,80, , ,6.142,H,,L,N,4,0,1,2,A,-,3,22350,,M,C,C,A,A,H,-,C,D,0,,,,,Y,,-,99,0,0,1,0,0,0,0,0,0,- ,- ,37.871040344238300,-122.30534362793000,ALAMEDA,BERKELEY,-122.30525207519500,37.871055603027300
91983346,2023,2023-01-31,9370,2023-01-23,1320,22845,,1,1,6,103,0,1,1,,2,81,I-80 E/B,UNIVERSITY AVE,2230.00,W,N,A,-,Y,ALA,,80, , ,6.217,H,,R,Y,3,0,1,1,C,-,18,,,N,E,I,A,A,H,-,D,D,0,,,,,Y,,-,- ,0,1,0,0,0,0,0,0,0,- ,- ,37.872119903564500,-122.30545806884800,ALAMEDA,BERKELEY,-122.30530548095700,37.872146606445300
91985913,2023,2023-03-01,9370,2023-01-28,1339,22845,,6,1,6,103,0,1,1,,2,81,I-80 E/B,BUCHANAN ST,1963.00,W,N,A,-,Y,ALA,,80, ,R,6.905,H,,R,Y,3,0,2,4,A,-,3,22350,,N,C,C,A,A,H,-,A,D,0,,,,,Y,,A,7,0,2,0,0,0,0,0,0,0,- ,- ,37.881809234619100,-122.30796813964800,ALAMEDA,BERKELEY,-122.30804443359400,37.881801605224600
91987167,2023,2023-02-06,9370,2023-01-21,1800,22964,,6,2,6,103,0,1,1,,2,81,I-80 E/B,GILMAN STREET,1755.00,W,N,A,-,Y,ALA,,80, , ,6.311,H,,R,N,4,0,1,2,A,-,3,22350,,N,C,C,A,A,H,-,C,D,0,,,,,Y,,A,1,0,0,1,0,0,0,0,0,0,- ,- ,37.873481750488300,-122.30567932128900,ALAMEDA,BERKELEY,-122.30574035644500,37.873466491699200
91989641,2023,2023-02-08,9370,2023-02-02,835,18499,,4,1,6,103,0,1,1,,2,81,I-80 W/B,GILMAN ST,1100.00,W,N,B,-,Y,ALA,,80, , ,6.427,H,,L,Y,3,0,2,2,A,-,3,22350,,N,C,C,A,A,H,-,A,D,0,,,,,Y,,A,1,0,1,1,0,0,0,0,0,0,- ,- ,37.875080108642600,-122.30638885498000,ALAMEDA,BERKELEY,-122.30650329589800,37.875057220459000
91996035,2023,2023-02-16,9370,2023-02-05,43,22841,,7,3,6,103,0,1,1,,2,81,I-80 E/B,UNIVERSITY AVE,66.00,W,N,A,-,Y,ALA,,80, , ,5.816,H,,R,N,3,0,1,1,A,-,1,23152,A,N,E,8,A,B,H,-,C,D,0,,,,,Y,Y,A,1,0,1,0,0,0,0,0,0,0,- ,- ,37.866550445556600,-122.30345916748000,ALAMEDA,BERKELEY,-122.30364227294900,37.86651611328130
92010693,2023,2023-03-06,9370,2023-02-14,800,23135,,2,1,6,103,0,1,1,,2,81,I-80 W/B,ASHBY AVE,1551.00,E,N,A,-,Y,ALA,,80, , ,5.075,H,,L,Y,4,0,3,3,A,-,1,23152,F,N,B,C,A,A,H,-,A,D,0,,,,,Y,,A,1,0,0,3,0,0,0,0,0,0,- ,- ,37.855998992919900,-122.30094909668000,ALAMEDA,BERKELEY,-122.30085754394500,37.856014251709000
92012427,2023,2023-03-08,9370,2023-02-22,907,23135,,3,1,6,103,0,1,1,,2,81,I-80 WB,UNIVERSITY AVE,725.00,W,N,A,-,Y,ALA,,80, , ,5.691,H,,L,N,4,0,2,4,A,-,3,22350,,N,C,C,A,A,H,-,A,D,0,,,,,Y,,A,1,0,0,2,0,0,0,0,0,0,- ,- ,37.864738464355500,-122.30325317382800,ALAMEDA,BERKELEY,-122.30329895019500,37.864730834960900
92012443,2023,2023-03-08,9370,2023-02-24,1310,23135,,5,1,6,103,0,1,1,,2,81,I-80 W/B,GILMAN ST,1600.00,W,N,B,-,Y,ALA,,80, , ,6.338,H,,L,Y,4,0,1,3,A,-,3,22350,,M,C,C,A,B,H,-,A,D,0,,,,,Y,,-,99,0,0,1,0,0,0,0,0,0,- ,- ,37.873821258544900,-122.30602264404300,ALAMEDA,BERKELEY,-122.30609893798800,37.873805999755900
92013658,2023,2023-03-09,9370,2023-03-07,1300,22856,,2,1,6,103,0,1,1,,2,81,I-80 W/B,GILMAN ST,55.00,W,N,A,-,Y,ALA,,80, , ,6.627,H,,L,Y,4,0,1,2,A,-,3,22350,,N,C,C,A,A,H,-,A,D,0,,,,,Y,,A,7,0,0,1,0,0,0,0,0,0,- ,- ,37.87786865234380,-122.30725860595700,ALAMEDA,BERKELEY,-122.30735015869100,37.877853393554700
92013743,2023,2023-03-09,9370,2023-03-06,655,22988,,1,1,6,103,0,1,1,,2,81,I-80 W/B,BUCHANAN ST,850.00,W,N,A,-,Y,ALA,,80, ,R,7.153,H,,L,N,3,0,1,2,A,-,3,22350,,N,C,C,A,A,H,-,A,D,0,,,,,Y,,A,1,0,1,0,0,0,0,0,0,0,- ,- ,37.885299682617200,-122.30905914306600,ALAMEDA,BERKELEY,-122.30904388427700,37.885303497314500
92017082,2023,2023-03-14,9370,2023-03-02,2306,23139,,4,3,6,103,0,1,1,,2,81,I-80 E/B,GILMAN ST,350.00,E,N,A,-,Y,ALA,,80, , ,6.698,H,,R,Y,3,0,1,2,A,-,1,23152,A,N,C,C,A,A,H,-,C,D,0,,,,,Y,Y,A,1,0,1,0,0,0,0,0,0,0,- ,- ,37.878879547119100,-122.30735778808600,ALAMEDA,BERKELEY,-122.30742645263700,37.878871917724600
92023719,2023,2023-03-21,9370,2023-03-19,1155,22964,,7,1,6,103,0,1,1,,2,81,I-80 E/B,BUCHANAN STREET,740.00,W,N,C,-,Y,ALA,,80, ,R,7.161,H,,R,N,4,0,1,2,A,-,3,22350,,N,C,C,A,B,H,-,A,D,0,,,,,Y,,A,1,0,0,1,0,0,0,0,0,0,- ,- ,37.885410308837900,-122.30873870849600,ALAMEDA,BERKELEY,-122.30880737304700,37.885402679443400
92038769,2023,2023-04-06,9370,2023-03-28,1000,23273,,2,1,6,103,0,1,1,,2,81,I-80 E/B,UNIVERSITY AVE,500.00,W,N,C,-,Y,ALA,,80, , ,5.745,H,,R,N,4,0,1,2,A,-,3,22350,,N,C,C,A,B,H,-,A,D,0,,,,,Y,,A,7,0,0,1,0,0,0,0,0,0,- ,- ,37.86553955078130,-122.30319976806600,ALAMEDA,BERKELEY,-122.30333709716800,37.865516662597700
92042306,2023,2023-04-11,9370,2023-03-29,1010,21938,,3,1,6,103,0,1,1,,2,81,I-80 W/B,BUCHANAN ST,775.00,W,N,B,C,Y,ALA,,80, ,R,7.165,H,,L,Y,4,0,1,2,A,-,3,22350,,N,E,8,A,B,H,-,A,D,0,,,,,Y,,A,1,0,0,1,0,0,0,0,0,0,- ,- ,37.885490417480500,-122.30893707275400,ALAMEDA,BERKELEY,-122.30908203125,37.885471343994100
92043159,2023,2023-04-12,9370,2023-03-31,1030,23187,,5,1,6,103,0,1,1,,2,81,I-80 W/B,ASHBY AVE,1660.00,E,N,B,-,Y,ALA,,80, , ,4.135,H,,L,N,4,0,3,3,A,-,3,22350,,M,C,2,A,A,H,-,A,D,0,,,,,Y,,A,7,0,0,3,0,0,0,0,0,0,- ,- ,37.842739105224600,-122.29757690429700,ALAMEDA,BERKELEY,-122.29761505127000,37.842735290527300
92044583,2023,2023-04-13,9370,2023-04-01,1705,22964,,6,2,6,103,0,1,1,,2,81,I-80 W/B,BUCHANAN STREET,320.00,W,N,A,-,Y,ALA,,80, ,R,7.256,H,,L,N,4,0,2,2,A,-,3,22350,,N,C,C,A,A,H,-,A,D,0,,,,,Y,,A,1,0,0,2,0,0,0,0,0,0,- ,- ,37.886798858642600,-122.30930328369100,ALAMEDA,BERKELEY,-122.309326171875,37.886798858642600
92044636,2023,2023-04-13,9370,2023-04-02,1725,22964,,7,2,6,103,0,1,1,,2,81,I-80 E/B,BUCHANAN STREET,1830.00,W,N,A,-,Y,ALA,,80, ,R,6.948,H,,R,N,4,0,1,2,A,-,3,22350,,N,C,C,A,A,H,-,A,D,0,,,,,Y,,-,99,0,0,1,0,0,0,0,0,0,- ,- ,37.882408142089800,-122.30814361572300,ALAMEDA,BERKELEY,-122.30816650390600,37.882408142089800
92045006,2023,2023-04-14,9370,2023-03-10,1930,22529,,5,2,6,103,0,1,1,,2,80,I-80 W/B,ASHBY AVENUE,250.00,W,N,A,-,Y,ALA,,80, , ,4.401,H,,L,Y,4,0,1,2,A,-,7,21658,A,M,B,C,A,A,H,-,D,D,0,,,,,Y,,-,99,0,0,1,0,0,0,0,0,0,- ,- ,37.846450805664100,-122.29840087890600,ALAMEDA,BERKELEY,-122.29843902587900,37.846443176269500
92048603,2023,2023-04-19,9370,2023-04-06,1615,22611,,4,2,6,103,0,1,1,,2,81,I-80 W/B,ASHBY AVE,1345.00,E,N,A,-,Y,ALA,,80, , ,4.840,H,,L,N,2,0,3,2,A,-,8,22107,,N,C,E,A,A,H,-,A,D,0,,,,Y,Y,,A,1,1,2,0,0,0,0,0,0,0,- ,- ,37.852680206298800,-122.30005645752000,ALAMEDA,BERKELEY,-122.29996490478500,37.852695465087900
92051128,2023,2023-04-24,9370,2023-04-12,905,23187,,3,1,6,103,0,1,1,,2,81,I-80 W/B,UNIVERSITY AVE,145.00,W,N,A,-,Y,ALA,,80, , ,5.801,H,,L,N,4,0,1,2,A,-,3,22350,,N,C,C,A,A,H,-,A,D,0,,,,,Y,,A,1,0,0,1,0,0,0,0,0,0,- ,- ,37.866298675537100,-122.3037109375,ALAMEDA,BERKELEY,-122.30374908447300,37.866291046142600
92052590,2023,2023-04-25,9370,2023-04-11,555,22845,,2,3,6,103,0,1,1,,2,81,I-80 W/B,BUCHANAN ST,1561.00,W,N,B,-,Y,ALA,,80, ,R,6.996,H,,L,Y,2,0,1,2,A,-,8,22107,,N,C,C,A,A,H,-,C,D,0,,,,,Y,,A,1,1,0,0,0,0,0,0,0,0,- ,- ,37.883079528808600,-122.30844116210900,ALAMEDA,BERKELEY,-122.30855560302700,37.883064270019500
92057112,2023,2023-04-28,9370,2023-04-21,1400,22922,,5,2,6,103,0,1,1,,2,81,I-80 W/B TO ASHBY AVE,ASHBY AVENUE OVERCROSSING,600.00,E,N,A,-,Y,,,,,,,,,,Y,4,0,1,2,A,-,1,23152,A,M,C,2,A,A,H,-,A,D,0,,,,,Y,Y,A,1,0,0,1,0,0,0,0,0,0,- ,- ,37.850490570068400,-122.29978179931600,ALAMEDA,BERKELEY,-122.29978179931600,37.850490570068400
92063940,2023,2023-05-08,9370,2023-04-16,730,22821,,7,1,6,103,0,1,1,,2,81,I-80 E/B TO UNIVERSITY AVENUE,UNIVERSITY AVE,10.00,W,N,A,-,Y,,,,,,,,,,Y,3,0,1,1,A,-,3,22350,,N,E,I,A,A,H,-,A,D,0,,,,,Y,,A,1,0,1,0,0,0,0,0,0,0,- ,- ,37.866771697998000,-122.30313110351600,ALAMEDA,BERKELEY,-122.30313110351600,37.866771697998000
92065923,2023,2023-05-10,9370,2023-04-30,1150,22845,,7,1,6,103,0,1,1,,2,81,I-80 E/B,ASHBY AVE,2406.00,E,N,A,-,Y,ALA,,80, , ,5.039,H,,R,Y,3,0,1,3,A,-,7,21658,A,F,B,C,A,A,H,-,A,D,0,,,,,Y,,-,99,0,1,0,0,0,0,0,0,0,- ,- ,37.855499267578100,-122.30052947998000,ALAMEDA,BERKELEY,-122.30049896240200,37.855506896972700
92068587,2023,2023-05-15,9370,2023-04-29,2359,22841,,6,3,6,103,0,1,1,,2,81,I-80 E/B,UNIVERSITY AVE,4955.00,W,N,A,-,Y,ALA,,80, , ,4.893,H,,R,N,4,0,1,1,A,-,1,23152,A,N,E,I,A,A,H,-,D,D,0,,,,,Y,Y,A,1,0,0,1,0,0,0,0,0,0,- ,- ,37.853458404541000,-122.29979705810500,ALAMEDA,BERKELEY,-122.29994964599600,37.853435516357400
92068954,2023,2023-05-15,9370,2023-05-03,330,22848,,3,3,6,103,0,1,1,,2,81,I-80 W/B,GILMAN STREET,1200.00,W,N,C,-,Y,ALA,,80, , ,6.524,H,,L,N,4,0,1,2,A,-,7,21658,A,M,B,C,A,A,H,-,C,D,0,,,Y,,Y,,-,99,0,0,1,0,0,0,0,0,1,- ,- ,37.876419067382800,-122.30683898925800,ALAMEDA,BERKELEY,-122.30689239502000,37.876411437988300
92073751,2023,2023-05-22,9370,2023-05-02,945,22845,,2,1,6,103,0,1,1,,2,81,I-80 W/B,UNIVERSITY AVE,2160.00,E,N,B,C,Y,ALA,,80, , ,6.251,H,,L,N,3,0,1,2,A,-,3,22350,,N,C,C,A,B,H,-,A,D,0,,,,,Y,,A,7,0,1,0,0,0,0,0,0,0,- ,- ,37.872581481933600,-122.30576324462900,ALAMEDA,BERKELEY,-122.30572509765600,37.872589111328100
92075077,2023,2023-05-23,9370,2023-05-10,2230,22979,,3,3,6,103,0,1,1,,2,81,I-80 E/B FROM ASHBY AVENUE,I-80 W/B TO ASHBY AVENUE OVER-CROSSING,420.00,E,N,A,-,Y,ALA,,80, , ,4.666,H,,R,Y,4,0,1,1,A,-,1,23152,A,N,E,I,A,A,H,-,D,D,0,,,,,Y,Y,A,1,0,0,1,0,0,0,0,0,0,- ,- ,37.8502197265625,-122.29892730712900,ALAMEDA,BERKELEY,-122.29913330078100,37.850193023681600
92082449,2023,2023-05-31,9370,2023-05-20,1550,22974,,6,2,6,103,0,1,1,,2,81,I-80 W/B,GILMAN STREET,1425.00,E,N,A,-,Y,ALA,,80, ,R,6.941,H,,L,N,3,0,1,2,A,-,3,22350,,N,C,C,A,A,H,-,A,D,0,,,,,Y,,A,1,0,1,0,0,0,0,0,0,0,- ,- ,37.882320404052700,-122.30818176269500,ALAMEDA,BERKELEY,-122.30839538574200,37.882286071777300
92083259,2023,2023-06-01,9370,2023-05-20,2320,22841,,6,3,6,103,0,1,1,,2,81,I-80 W/B,ASHBY AVENUE,194.00,E,N,A,-,Y,ALA,,80, , ,4.570,H,,L,N,3,0,1,1,A,-,8,22107,,N,E,I,A,A,H,-,C,D,0,,,,,Y,,A,1,0,1,0,0,0,0,0,0,0,- ,- ,37.848869323730500,-122.29888916015600,ALAMEDA,BERKELEY,-122.29902648925800,37.848846435546900
92087187,2023,2023-06-06,9370,2023-05-19,1835,23135,,5,2,6,103,0,1,1,,2,81,I-80 E/B,UNIVERSITY AVE,1279.00,W,N,A,-,Y,ALA,,80, , ,5.588,H,,R,N,4,0,1,2,A,-,3,22350,,M,C,C,A,A,H,-,A,D,0,,,,,Y,,-,99,0,0,1,0,0,0,0,0,0,- ,- ,37.863311767578100,-122.30261993408200,ALAMEDA,BERKELEY,-122.30267333984400,37.863300323486300
92089192,2023,2023-06-08,9370,2023-05-26,525,22831,,5,3,6,103,0,1,1,,2,81,I-80 WB,UNIVERSITY AVE,1173.00,W,N,A,-,Y,ALA,,80, , ,5.606,H,,L,N,2,0,1,2,A,-,7,21658,A,N,C,C,A,A,H,-,A,D,0,,,Y,,Y,,A,7,1,0,0,0,0,0,0,0,1,- ,- ,37.863548278808600,-122.30287933349600,ALAMEDA,BERKELEY,-122.30296325683600,37.863533020019500
92090308,2023,2023-06-09,9370,2023-06-03,1600,22989,,6,2,6,103,0,1,1,,2,81,I-80 EASTBOUND,ASHBY AVE,18.00,E,N,A,-,Y,ALA,,80, , ,4.590,H,,R,N,4,0,1,2,A,-,3,22350,,N,C,C,A,A,H,-,A,D,0,,,,,Y,,A,1,0,0,1,0,0,0,0,0,0,- ,- ,37.849098205566400,-122.29891204834000,ALAMEDA,BERKELEY,-122.29889678955100,37.849102020263700
92091565,2023,2023-06-12,9370,2023-06-03,1330,22989,,6,1,6,103,0,1,1,,2,81,I-80 WESTBOUND,GILMAN STREET,2170.00,W,N,A,-,Y,ALA,,80, , ,6.229,H,,L,Y,4,0,1,3,A,-,3,22350,,N,C,C,A,A,H,-,A,D,0,,,,,Y,,A,7,0,0,1,0,0,0,0,0,0,- ,- ,37.872299194335900,-122.30554962158200,ALAMEDA,BERKELEY,-122.30562591552700,37.872283935546900
92091947,2023,2023-06-12,9370,2023-06-04,1510,22989,,7,2,6,103,0,1,1,,2,81,I-80 EASTBOUND,GILMAN STREET,1085.00,E,N,A,-,Y,ALA,,80, , ,6.860,H,,R,N,4,0,4,2,A,-,7,21658,A,N,B,C,A,A,H,-,A,D,0,,,,,Y,,A,1,0,0,4,0,0,0,0,0,0,- ,- ,37.881168365478500,-122.30785369873000,ALAMEDA,BERKELEY,-122.30790710449200,37.88116455078130
92093634,2023,2023-06-14,9370,2023-06-02,850,23086,,5,1,6,103,0,1,1,,2,81,I-80 W/B,GILLMAN STREET U/C,1980.00,S,N,A,-,Y,ALA,,80, , ,6.272,H,,L,N,4,0,1,3,A,-,3,22350,,N,C,C,A,A,H,-,A,D,0,,,,,Y,,A,1,0,0,1,0,0,0,0,0,0,- ,- ,37.872928619384800,-122.30560302734400,ALAMEDA,BERKELEY,-122.30581665039100,37.872890472412100
92097680,2023,2023-06-20,9370,2023-06-18,1230,22964,,7,1,6,103,0,1,1,,2,81,I-80 W/B,GILMAN STREET,655.00,W,N,A,-,Y,ALA,,80, , ,6.515,H,,L,N,4,0,1,2,A,-,3,22350,,N,C,C,A,A,H,-,A,D,0,,,,,Y,,A,7,0,0,1,0,0,0,0,0,0,- ,- ,37.876239776611300,-122.30713653564500,ALAMEDA,BERKELEY,-122.30685424804700,37.876289367675800
92112577,2023,2023-07-10,9370,2023-06-13,835,22983,,2,1,6,103,0,1,1,,2,81,I-80 W/B,UNIVERSITY AVE,875.00,W,N,B,-,Y,ALA,,80, , ,5.660,H,,L,Y,3,0,1,2,A,-,7,21658,A,M,B,C,A,A,H,-,A,D,0,,,Y,,Y,,-,99,0,1,0,0,0,0,0,0,1,- ,- ,37.864311218261700,-122.30313110351600,ALAMEDA,BERKELEY,-122.30318450927700,37.864299774169900
92112597,2023,2023-07-10,9370,2023-06-22,1457,22800,,4,2,6,103,0,1,1,,2,81,I-80 E/B,GILMAN ST,598.00,W,N,A,-,Y,ALA,,80, , ,6.529,H,,R,Y,4,0,1,2,A,-,3,22350,,N,C,C,A,A,H,-,A,D,0,,,Y,,Y,,C,2,0,0,1,0,0,0,0,0,1,- ,- ,37.876510620117200,-122.30673980712900,ALAMEDA,BERKELEY,-122.30670928955100,37.876514434814500
92113455,2023,2023-07-10,9370,2023-07-05,2015,22831,,3,2,6,103,0,1,1,,2,81,I-80 E/B TO I-580 W/B,GILMAN STREET,2746.00,E,N,A,-,Y,ALA,,80, ,R,7.182,H,,R,N,3,0,1,2,A,-,1,23152,A,N,B,2,A,A,H,-,B,D,0,,,,,Y,Y,A,1,0,1,0,0,0,0,0,0,0,- ,- ,37.885730743408200,-122.30872344970700,ALAMEDA,BERKELEY,-122.30886077880900,37.885715484619100
92116089,2023,2023-07-13,9370,2023-07-09,1225,22816,,7,1,6,103,0,1,1,,2,81,I-80 W/B,GILMAN ST,2200.00,E,N,A,-,Y,ALA,,80, ,R,7.072,H,,L,N,4,0,1,2,A,-,3,22350,,N,C,C,A,A,H,-,A,D,0,,,,,Y,,A,1,0,0,1,0,0,0,0,0,0,- ,- ,37.884159088134800,-122.30869293212900,ALAMEDA,BERKELEY,-122.30879211425800,37.884147644043000
92120496,2023,2023-07-19,9370,2023-06-28,1845,22863,,3,2,6,103,0,1,1,,2,81,I-80 E/B,GILMAN ST,1370.00,W,N,A,-,Y,ALA,,80, , ,6.383,H,,R,N,4,0,2,3,A,-,3,22350,,N,C,C,A,A,H,-,A,D,0,,,,,Y,,D,22,0,0,2,0,0,0,0,0,0,- ,- ,37.874458312988300,-122.30606842041000,ALAMEDA,BERKELEY,-122.30606842041000,37.874462127685500
92122781,2023,2023-07-21,9370,2023-07-18,1605,22831,,2,2,6,103,0,1,1,,2,81,I-80 W/B,UNIVERSITY AVE,1025.00,E,N,A,-,Y,ALA,,80, , ,6.036,H,,L,N,4,0,1,3,A,-,3,22350,,F,C,C,A,A,H,-,A,D,0,,,,,Y,,-,99,0,0,1,0,0,0,0,0,0,- ,- ,37.869590759277300,-122.30474853515600,ALAMEDA,BERKELEY,-122.30479431152300,37.869579315185500
92124774,2023,2023-07-24,9370,2023-07-10,1615,22922,,1,2,6,103,0,1,1,,2,81,I-80 W/B,W/B ASHBY OVERCROSSING,980.00,E,N,A,-,Y,ALA,,80, , ,4.771,H,,L,Y,4,0,1,4,A,-,7,21658,A,F,C,C,A,A,H,-,A,D,0,,,,,Y,,-,99,0,0,1,0,0,0,0,0,0,- ,- ,37.851718902587900,-122.29963684082000,ALAMEDA,BERKELEY,-122.29970550537100,37.851707458496100
92125683,2023,2023-07-25,9370,2023-07-13,1700,23125,,4,2,6,103,0,1,1,,2,81,I-80 E/B,UNIVERSITY AVE,1500.00,W,N,A,-,Y,ALA,,80, , ,5.554,H,,R,N,4,0,1,2,A,-,3,22350,,N,C,C,A,A,H,-,A,D,0,,,Y,,Y,,C,2,0,0,1,0,0,0,0,0,1,- ,- ,37.862800598144500,-122.30258941650400,ALAMEDA,BERKELEY,-122.30252075195300,37.862812042236300
92126765,2023,2023-07-26,9370,2023-07-20,725,22816,,4,1,6,103,0,1,1,,2,81,I-80 W/B,ASHBY AVE,1800.00,E,N,B,-,Y,ALA,,80, , ,4.927,H,,L,N,4,0,1,2,A,-,7,21658,A,N,B,C,A,A,H,-,A,D,0,,,Y,,Y,,C,2,0,0,1,0,0,0,0,0,1,- ,- ,37.853939056396500,-122.30023193359400,ALAMEDA,BERKELEY,-122.30027770996100,37.853931427002000
92126809,2023,2023-07-26,9370,2023-07-13,1105,22816,,4,1,6,103,0,1,1,,2,81,I-80 W/B,UNIVERSITY AVE,1800.00,E,N,A,-,Y,ALA,,80, , ,6.180,H,,L,N,4,0,1,2,A,-,3,22350,,N,C,C,A,A,H,-,A,D,0,,,,,Y,,A,1,0,0,1,0,0,0,0,0,0,- ,- ,37.871608734130900,-122.30535125732400,ALAMEDA,BERKELEY,-122.305419921875,37.871597290039100
92126896,2023,2023-07-26,9370,2023-07-16,1830,22922,,7,2,6,103,0,1,1,,2,81,I-80 W/B,ASHBY AVENUE W/B OVERCROSSING,170.00,E,N,A,-,Y,ALA,,80, , ,4.616,H,,L,N,4,0,1,2,A,-,7,21658,A,N,B,C,A,A,H,-,A,D,0,,,Y,,Y,,A,1,0,0,1,0,0,0,0,0,1,- ,- ,37.849521636962900,-122.29907989502000,ALAMEDA,BERKELEY,-122.29915618896500,37.849510192871100
92132184,2023,2023-07-31,9370,2023-07-19,1540,23330,,3,2,6,103,0,1,1,,2,81,I-80 W/B,EAST OF UNIVERSITY AVENUE,0.00,,Y,A,-,Y,ALA,,80, , ,6.029,H,,L,N,4,0,1,2,A,-,3,22350,,N,C,C,A,A,H,-,A,A,0,,,,,Y,,A,7,0,0,1,0,0,0,0,0,0,- ,- ,37.869491577148400,-122.30467224121100,ALAMEDA,BERKELEY,-122.30476379394500,37.869472503662100
92132791,2023,2023-08-01,9370,2023-06-11,1142,23199,,7,1,6,103,0,1,1,,2,81,I-80 E/B,GILMAN ST,1200.00,W,N,A,-,Y,ALA,,80, ,R,6.899,H,,R,N,3,0,1,2,A,-,3,22350,,N,C,C,A,A,H,-,A,D,0,,,Y,,Y,,A,1,0,1,0,0,0,0,0,0,1,- ,- ,37.881698608398400,-122.30815124511700,ALAMEDA,BERKELEY,-122.30802917480500,37.881717681884800
92134125,2023,2023-08-02,9370,2023-07-19,1530,22487,,3,2,6,103,0,1,1,,2,81,I-80 E/B,GILMAN STREET,1725.00,W,N,A,-,Y,ALA,,80, , ,6.315,H,,R,N,3,0,1,2,A,-,7,21658,A,N,C,C,A,A,H,-,A,D,0,,,Y,,Y,,A,1,0,1,0,0,0,0,0,0,1,- ,- ,37.873500823974600,-122.30580902099600,ALAMEDA,BERKELEY,-122.30575561523400,37.873512268066400
92139496,2023,2023-08-09,9370,2023-08-05,1140,22856,,6,1,6,103,0,1,1,,2,81,I-80 E/B,BUCHANAN ST,1750.00,W,N,A,-,Y,ALA,,80, ,R,6.953,H,,R,Y,4,0,3,3,A,-,7,21658,A,N,B,C,A,A,H,-,A,D,0,,,,,Y,,A,7,0,0,3,0,0,0,0,0,0,- ,- ,37.882480621337900,-122.30812072753900,ALAMEDA,BERKELEY,-122.30818176269500,37.882472991943400
92140875,2023,2024-01-09,9370,2023-08-02,1615,22845,,3,2,6,103,0,1,1,,2,81,I-80 W/B,BUCHANAN ST,1137.00,W,N,A,-,Y,ALA,,80, ,R,7.118,H,,L,Y,3,0,1,4,A,-,7,21658,A,N,B,C,A,A,H,-,A,D,0,,,,Y,Y,,-,- ,0,1,0,0,0,0,0,0,0,- ,- ,37.884799957275400,-122.30896759033200,ALAMEDA,BERKELEY,-122.30893707275400,37.884803771972700
92146221,2023,2023-08-17,9370,2023-08-04,1215,22816,,5,1,6,103,0,1,1,,2,81,I-80 W/B,GILMAN ST,1700.00,E,N,A,-,Y,ALA,,80, ,R,6.989,H,,L,N,4,0,1,2,A,-,7,21658,A,N,B,C,A,A,H,-,A,D,0,,,,Y,Y,,G,25,0,0,1,0,0,0,0,0,0,- ,- ,37.882980346679700,-122.30853271484400,ALAMEDA,BERKELEY,-122.30854034423800,37.882980346679700
92150957,2023,2023-08-23,9370,2023-08-02,1225,22816,,3,1,6,103,0,1,1,,2,81,I-80 W/B,ASHBY AVE,1300.00,E,N,A,-,Y,ALA,,80, , ,4.832,H,,L,N,4,0,2,4,A,-,3,22350,,M,C,C,A,A,H,-,A,D,0,,,,,Y,,-,99,0,0,2,0,0,0,0,0,0,- ,- ,37.852588653564500,-122.29988098144500,ALAMEDA,BERKELEY,-122.29993438720700,37.852581024169900
92155735,2023,2023-08-28,9370,2023-08-06,1310,22980,,7,1,6,103,0,1,1,,2,81,I-80 WESTBOUND,UNIVERSITY AVENUE,590.00,E,N,A,-,Y,ALA,,80, , ,5.952,H,,L,N,3,0,1,2,A,-,3,22350,,N,C,C,A,A,H,-,A,D,0,,,,,Y,,A,8,0,1,0,0,0,0,0,0,0,- ,- ,37.868419647216800,-122.30435180664100,ALAMEDA,BERKELEY,-122.30442047119100,37.868404388427700
92160716,2023,2023-09-01,9370,2023-08-29,620,23377,,2,1,6,103,0,1,1,,2,81,I-80 W/B,UNIVERSITY AVE,1505.00,E,N,A,-,Y,ALA,,80, , ,6.140,H,,L,Y,3,0,2,2,A,-,3,22350,,N,C,C,A,A,H,-,A,D,0,,,,,Y,,A,1,0,2,0,0,0,0,0,0,0,- ,- ,37.871051788330100,-122.30516052246100,ALAMEDA,BERKELEY,-122.30524444580100,37.87103271484380
92163215,2023,2023-09-06,9370,2023-08-26,1540,22863,,6,2,6,103,0,1,1,,2,81,I-80 W/B,GILMAN ST,740.00,E,N,A,-,Y,ALA,,80, , ,6.794,H,,L,N,3,0,1,2,A,-,3,22350,,N,C,C,A,A,H,-,A,D,0,,,,,Y,,A,7,0,1,0,0,0,0,0,0,0,- ,- ,37.880199432373000,-122.30800628662100,ALAMEDA,BERKELEY,-122.30791473388700,37.880210876464800
92165436,2023,2023-09-08,9370,2023-08-11,510,22821,,5,3,6,103,0,1,1,,2,81,I-80 E/B,ASHBY AVE,200.00,E,N,A,-,Y,ALA,,80, , ,4.672,H,,R,Y,3,0,1,2,A,-,8,22107,,N,C,E,A,A,H,-,C,D,0,,,,,Y,,A,1,0,1,0,0,0,0,0,0,0,- ,- ,37.850299835205100,-122.29898834228500,ALAMEDA,BERKELEY,-122.29915618896500,37.850276947021500
92166766,2023,2023-09-11,9370,2023-08-29,1550,17201,,2,2,6,103,0,1,1,,2,81,I-80 E/B,GILMAN OFF-RAMP,1000.00,W,N,A,-,Y,ALA,,80, , ,6.665,H,,R,Y,3,0,2,2,A,-,3,22350,,N,C,C,A,A,H,-,A,D,0,,,,,Y,,A,1,0,1,1,0,0,0,0,0,0,- ,- ,37.878440856933600,-122.30715179443400,ALAMEDA,BERKELEY,-122.30730438232400,37.878410339355500
92168955,2023,2023-09-13,9370,2023-09-02,157,22850,,6,3,6,103,0,1,1,,2,81,I-80 E/B,UNIVERSITY AVE,66.00,W,N,B,-,Y,ALA,,80, , ,5.817,H,,R,Y,3,0,2,1,A,-,1,23152,A,N,E,I,A,A,H,-,C,D,0,,,,,Y,Y,A,1,0,1,1,0,0,0,0,0,0,- ,- ,37.866561889648400,-122.30345916748000,ALAMEDA,BERKELEY,-122.30364227294900,37.866523742675800
92170168,2023,2023-09-14,9370,2023-09-06,1535,22699,,3,2,6,103,0,1,1,,2,81,I-80 W/B,UNIVERSITY AVE,1450.00,E,N,A,-,Y,ALA,,80, , ,6.054,H,,L,N,3,0,1,3,A,-,3,22350,,N,C,C,A,A,H,-,A,D,0,,,,,Y,,A,1,0,1,0,0,0,0,0,0,0,- ,- ,37.869831085205100,-122.30483245849600,ALAMEDA,BERKELEY,-122.30487060546900,37.869823455810500
92172680,2023,2023-09-18,9370,2023-09-08,830,22941,,5,1,6,103,0,1,1,,2,81,I-80 W/B,GILMAN ST,374.00,E,N,A,-,Y,ALA,,80, , ,6.723,H,,L,Y,4,0,1,4,A,-,3,22350,,N,C,C,A,A,H,-,A,D,0,,,,,Y,,D,22,0,0,1,0,0,0,0,0,0,- ,- ,37.879199981689500,-122.30776977539100,ALAMEDA,BERKELEY,-122.30770111084000,37.87921142578130
92173361,2023,2023-09-19,9370,2023-09-11,950,22529,,1,1,6,103,0,1,1,,2,81,I-80 W/B,UNIVERSITY AVE,120.00,W,N,A,-,Y,ALA,,80, , ,5.804,H,,L,Y,3,0,1,2,A,-,3,22350,,N,C,C,A,A,H,-,A,D,0,,,,,Y,,A,1,0,1,0,0,0,0,0,0,0,- ,- ,37.866340637207000,-122.30372619628900,ALAMEDA,BERKELEY,-122.30376434326200,37.8663330078125
92178100,2023,2023-09-25,9370,2023-07-12,1400,23196,,3,2,6,103,0,1,1,,2,81,I-80 W/B,GILMAN ST,840.00,E,N,A,-,Y,ALA,,80, , ,6.812,H,,L,Y,3,0,2,3,A,-,3,22350,,N,C,2,A,A,H,-,A,D,0,,,,Y,Y,,G,26,0,1,1,0,0,0,0,0,0,- ,- ,37.880458831787100,-122.30802917480500,ALAMEDA,BERKELEY,-122.30797576904300,37.880466461181600
92179743,2023,2023-09-26,9370,2023-09-09,1310,23346,,6,1,6,103,0,1,1,,2,81,I-80 E/B,GILMAN ST,1264.00,W,N,A,-,Y,ALA,,80, , ,6.898,H,,R,Y,4,0,1,4,A,-,3,22350,,N,B,C,A,A,H,-,A,D,0,,,,,Y,Y,A,1,0,0,1,0,0,0,0,0,0,- ,- ,37.881698608398400,-122.30795288085900,ALAMEDA,BERKELEY,-122.30802154541000,37.881690979003900
92181426,2023,2023-09-27,9370,2023-09-18,1530,22699,,1,2,6,103,0,1,1,,2,81,I-80 W/B,UNIVERISTY AVENUE OVER-CROSSING,1500.00,E,N,A,-,Y,ALA,,80, , ,6.143,H,,L,N,4,0,1,2,A,-,3,22350,,N,C,C,A,A,H,-,A,D,0,,,,,Y,,A,7,0,0,1,0,0,0,0,0,0,- ,- ,37.871078491210900,-122.30522155761700,ALAMEDA,BERKELEY,-122.30525970459000,37.871074676513700
92183237,2023,2023-10-02,9370,2023-09-21,1245,22350,,4,1,6,103,0,1,1,,2,81,I-80 W/B,UNIVERSITY AVE,1163.00,W,N,A,-,Y,ALA,,80, , ,5.637,H,,L,Y,2,0,1,2,A,-,7,21658,A,N,B,C,A,A,H,-,A,D,0,,,Y,,Y,,C,2,1,0,0,0,0,0,0,0,1,- ,- ,37.863979339599600,-122.30304718017600,ALAMEDA,BERKELEY,-122.30309295654300,37.863971710205100
92188788,2023,2023-10-03,9370,2023-09-09,2220,23189,,6,3,6,103,0,1,1,,2,81,I-80 W/B,ASHBY AVE,500.00,E,N,A,-,Y,ALA,,80, , ,4.872,H,,L,Y,4,0,1,1,A,-,8,22107,,N,A,I,A,A,H,-,C,D,0,,,,,Y,,A,7,0,0,1,0,0,0,0,0,0,- ,- ,37.853168487548800,-122.29995727539100,ALAMEDA,BERKELEY,-122.30007934570300,37.853153228759800
92196750,2023,2023-10-12,9370,2023-10-02,1812,23199,,1,2,6,103,0,1,1,,2,81,I-80 W/B,BUCHANAN ST,250.00,E,N,A,-,Y,ALA,,80, ,R,7.377,H,,L,N,4,0,1,2,A,-,7,21658,A,N,B,C,A,A,H,-,A,D,0,,,,,Y,,A,1,0,0,1,0,0,0,0,0,0,- ,- ,37.888618469238300,-122.30914306640600,ALAMEDA,BERKELEY,-122.30902862548800,37.888595581054700
92197930,2023,2023-10-13,9370,2023-10-03,240,23189,,2,3,6,103,0,1,1,,2,81,I-80 E/B,GILMAN ST,1215.00,E,N,A,-,Y,ALA,,80, , ,6.419,H,,R,N,4,0,1,4,A,-,3,22350,,N,C,C,A,A,H,-,A,D,0,,,,,Y,,A,1,0,0,1,0,0,0,0,0,0,- ,- ,37.874980926513700,-122.30615234375,ALAMEDA,BERKELEY,-122.30622863769500,37.874965667724600
92201186,2023,2023-10-17,9370,2023-10-08,1150,22964,,7,1,6,103,0,1,1,,2,81,I-80 E/B,BUCHANAN STREET,2040.00,W,N,A,-,Y,ALA,,80, ,R,6.915,H,,R,N,4,0,1,2,A,-,3,22350,,N,C,C,A,A,H,-,A,D,0,,,,,Y,,A,1,0,0,1,0,0,0,0,0,0,- ,- ,37.881938934326200,-122.30803680419900,ALAMEDA,BERKELEY,-122.30807495117200,37.881935119628900
92204642,2023,2023-10-20,9370,2023-10-11,1200,23478,,3,1,6,103,0,1,1,,2,81,I-80 W/B,ASHBY AVE,1100.00,E,N,A,-,Y,ALA,,80, , ,4.232,H,,L,Y,4,0,1,2,C,-,18,,,M,C,C,A,A,H,-,A,D,0,,,,,Y,,-,- ,0,0,1,0,0,0,0,0,0,- ,- ,37.844089508056600,-122.29788970947300,ALAMEDA,BERKELEY,-122.29791259765600,37.844085693359400
92208385,2023,2023-10-25,9370,2023-10-20,1610,22989,,5,2,6,103,0,1,1,,2,81,I-80 EASTBOUND,UNIVERSITY AVENUE,670.00,E,N,A,-,Y,ALA,,80, , ,5.968,H,,R,N,4,0,1,4,A,-,7,21658,A,N,B,C,A,A,H,-,A,D,0,,,Y,,Y,,C,2,0,0,1,0,0,0,0,0,1,- ,- ,37.868659973144500,-122.30419921875,ALAMEDA,BERKELEY,-122.30426025390600,37.868648529052700
92223311,2023,2023-10-31,9370,2023-10-22,1400,22988,,7,2,6,103,0,1,1,,2,81,I-80 W/B,ASHBY AVENUE,1250.00,E,N,C,-,Y,ALA,,80, , ,4.824,H,,L,N,3,0,2,2,A,-,3,22350,,N,C,C,A,B,H,-,A,D,0,,,,,Y,,A,1,0,2,0,0,0,0,0,0,0,- ,- ,37.852481842041000,-122.29979705810500,ALAMEDA,BERKELEY,-122.29990386962900,37.852462768554700
92224792,2023,2023-11-01,9370,2023-10-26,1655,22350,,4,2,6,103,0,1,1,,2,81,I-80 W/B,ASHBY AVE,1665.00,E,N,A,-,Y,ALA,,80, , ,4.899,H,,L,N,4,0,1,2,A,-,3,22350,,N,C,C,A,A,H,-,A,D,0,,,,,Y,,D,22,0,0,1,0,0,0,0,0,0,- ,- ,37.853538513183600,-122.30013275146500,ALAMEDA,BERKELEY,-122.30017852783200,37.853534698486300
92225815,2023,2023-11-01,9370,2023-10-23,1238,23475,,1,1,6,103,0,1,1,,2,81,I-80 W/B,UNIVERSITY AVE,2000.00,W,N,A,-,Y,ALA,,80, , ,5.406,H,,L,Y,4,0,1,2,D,-,0,,,N,C,C,A,A,H,-,A,D,0,,,,Y,Y,,-,- ,0,0,1,0,0,0,0,0,0,- ,- ,37.860679626464800,-122.30233001709000,ALAMEDA,BERKELEY,-122.30217742919900,37.860706329345700
92225861,2023,2023-11-01,9370,2023-11-01,1035,23344,,3,1,6,103,0,1,1,,2,81,INTERSTATE 80 WESTBOUND,GILMAN STREET,830.00,W,N,A,-,Y,ALA,,80, , ,6.332,H,,L,Y,3,0,1,2,A,-,3,22350,,N,C,C,A,A,H,-,A,A,0,,,,,Y,,A,1,0,1,0,0,0,0,0,0,0,- ,- ,37.873741149902300,-122.30600738525400,ALAMEDA,BERKELEY,-122.30606842041000,37.873729705810500
92225946,2023,2023-11-01,9370,2023-10-20,1925,23139,,5,2,6,103,0,1,1,,2,81,I-80 E/B,GILMAN ST,2025.00,W,N,A,-,Y,ALA,,80, , ,6.258,H,,R,N,4,0,1,2,A,-,3,22350,,N,C,C,A,A,H,-,D,D,0,,,,,Y,,A,1,0,0,1,0,0,0,0,0,0,- ,- ,37.872711181640600,-122.30552673339800,ALAMEDA,BERKELEY,-122.30547332763700,37.872718811035200
92231420,2023,2023-11-08,9370,2023-11-05,1205,23344,,7,1,6,103,0,1,1,,2,81,INTERSTATE 80 WESTBOUND,ASHBY AVENUE,1400.00,E,N,B,-,Y,ALA,,80, , ,4.869,H,,L,N,3,0,1,2,A,-,3,22350,,N,C,C,A,B,H,-,A,D,0,,,,,Y,,A,1,0,1,0,0,0,0,0,0,0,- ,- ,37.853118896484400,-122.29998016357400,ALAMEDA,BERKELEY,-122.30007171630900,37.853107452392600
92231973,2023,2023-11-09,9370,2023-10-31,2313,22124,,2,3,6,103,0,1,1,,2,81,I-80 W/B,UNIVERSITY AVE,1500.00,W,N,A,-,Y,ALA,,80, , ,5.514,H,,L,Y,4,0,1,2,A,-,3,22350,,N,C,C,A,A,H,-,C,D,0,,,,,Y,,A,7,0,0,1,0,0,0,0,0,0,- ,- ,37.862239837646500,-122.30254364013700,ALAMEDA,BERKELEY,-122.30259704589800,37.862228393554700
92234705,2023,2023-11-13,9370,2023-11-01,1515,22848,,3,2,6,103,0,1,1,,2,82,I-80 E/B,BUCHANNAN STREET,750.00,W,N,A,-,Y,ALA,,80, ,R,7.062,H,,R,N,4,0,3,2,A,-,3,22350,,N,C,C,A,A,H,-,A,D,0,,,,,Y,,A,1,0,0,3,0,0,0,0,0,0,- ,- ,37.883998870849600,-122.30857849121100,ALAMEDA,BERKELEY,-122.30849456787100,37.884014129638700
92235684,2023,2023-11-14,9370,2023-11-05,1731,23196,,7,2,6,103,0,1,1,,2,81,I-80 E/B,GILMAN ST,1080.00,E,N,A,-,Y,ALA,,80, , ,6.859,H,,R,Y,3,0,1,2,A,-,3,22350,,N,C,C,A,A,H,-,A,D,0,,,,,Y,,A,1,0,1,0,0,0,0,0,0,0,- ,- ,37.881149291992200,-122.307861328125,ALAMEDA,BERKELEY,-122.30789947509800,37.881145477294900
92238848,2023,2023-11-17,9370,2023-11-08,1755,22350,,3,2,6,103,0,1,1,,2,81,I-80 E/B,GILMAN ST,1306.00,E,N,A,-,Y,ALA,,80, ,R,6.902,H,,R,N,4,0,3,2,A,-,3,22350,,N,C,C,A,A,H,-,B,D,0,,,,,Y,,D,22,0,0,3,0,0,0,0,0,0,- ,- ,37.881748199462900,-122.30808258056600,ALAMEDA,BERKELEY,-122.30803680419900,37.881755828857400
92241907,2023,2023-11-21,9370,2023-11-15,1750,23377,,3,2,6,103,0,1,1,,2,81,I-80 W/B,UNIVERSITY AVE,1003.00,W,N,C,-,Y,ALA,,80, , ,5.631,H,,L,Y,4,0,1,2,A,-,3,22350,,N,C,C,A,B,H,-,C,D,0,,,,,Y,,A,7,0,0,1,0,0,0,0,0,0,- ,- ,37.863899230957000,-122.30301666259800,ALAMEDA,BERKELEY,-122.30307006835900,37.8638916015625
92246420,2023,2023-11-28,9370,2023-11-12,1457,22988,,7,2,6,103,0,1,1,,2,81,I-80 E/B,BUCHANAN ST,1810.00,W,N,A,-,Y,ALA,,80, ,R,6.907,H,,R,N,3,0,1,5,A,-,3,22350,,N,C,C,A,A,H,-,A,D,0,,,,,Y,,A,7,0,1,0,0,0,0,0,0,0,- ,- ,37.881839752197300,-122.30792999267600,ALAMEDA,BERKELEY,-122.30805206298800,37.881824493408200
92249324,2023,2023-11-30,9370,2023-11-22,1515,23196,,3,2,6,103,0,1,1,,2,81,I-80 W/B,ASHBY AVE,1072.00,E,N,A,-,Y,ALA,,80, , ,4.788,H,,L,Y,4,0,1,2,A,-,3,22350,,N,C,2,A,A,H,-,A,D,0,,,,,Y,,A,1,0,0,1,0,0,0,0,0,0,- ,- ,37.851970672607400,-122.29969787597700,ALAMEDA,BERKELEY,-122.29977416992200,37.851959228515600
92249849,2023,2023-12-01,9370,2023-11-30,1925,23488,,4,2,6,103,0,1,1,,2,81,I-80 WESTBOUND,UNIVERSITY AVE,530.00,E,N,A,-,Y,ALA,,80, , ,6.132,H,,L,N,4,0,1,2,A,-,3,22350,,N,C,C,A,A,H,-,A,D,0,,,,,Y,,D,22,0,0,1,0,0,0,0,0,0,- ,- ,37.870941162109400,-122.30515289306600,ALAMEDA,BERKELEY,-122.30521392822300,37.870929718017600
92251757,2023,2023-12-04,9370,2023-11-18,730,23368,,6,1,6,103,0,1,1,,2,54,INTERSTATE 580 EASTBOUND,HARRISON STREET,1218.00,W,N,C,-,Y,ALA,,580, , ,44.589,H,,R,N,3,0,1,1,A,-,3,22350,,N,E,I,A,B,F,-,A,D,0,,,,,Y,,A,7,0,1,0,0,0,0,0,0,0,- ,- ,37.821521759033200,-122.25814056396500,ALAMEDA,BERKELEY,-122.25807189941400,37.821609497070300
92254030,2023,2023-12-06,9370,2023-11-28,825,23344,,2,1,6,103,0,1,1,,2,81,INTERSTATE 80 WESTBOUND,UNIVERSITY  AVENUE,500.00,W,N,A,-,Y,ALA,,80, , ,5.293,H,,L,Y,3,0,1,1,A,-,3,22350,,N,F,A,A,A,H,-,A,D,0,,,Y,,Y,,C,2,0,1,0,0,0,0,0,0,1,- ,- ,37.859111785888700,-122.30169677734400,ALAMEDA,BERKELEY,-122.30173492431600,37.859104156494100
92254067,2023,2023-12-06,9370,2023-11-30,1929,23484,,4,2,6,103,0,1,1,,2,81,I-80 E/B,BUCHANAN ST,1500.00,E,N,A,-,Y,ALA,,80, , ,6.730,H,,R,Y,4,0,1,2,A,-,3,22350,,N,C,C,A,A,H,-,D,D,0,,,,,Y,,A,1,0,0,1,0,0,0,0,0,0,- ,- ,37.879329681396500,-122.30750274658200,ALAMEDA,BERKELEY,-122.30752563476600,37.879325866699200
92256405,2023,2023-12-07,9370,2023-12-04,1538,23488,,1,2,6,103,0,1,1,,2,81,I-80 E/B,UNIVERSITY AVE,520.00,E,N,A,-,Y,ALA,,80, , ,5.990,H,,R,N,4,0,1,3,A,-,3,22350,,N,C,C,A,A,H,-,A,D,0,,,,,Y,,D,22,0,0,1,0,0,0,0,0,0,- ,- ,37.868980407714800,-122.30423736572300,ALAMEDA,BERKELEY,-122.30434417724600,37.868961334228500
92258066,2023,2023-12-11,9370,2023-12-06,128,22850,,3,3,6,103,0,1,1,,2,81,I-80 E/B,ASHBY AVE,360.00,W,N,A,-,Y,ALA,,80, , ,4.434,H,,R,Y,4,0,1,1,A,-,8,22107,,N,E,I,A,A,H,-,C,D,0,,,,,Y,,A,1,0,0,1,0,0,0,0,0,0,- ,- ,37.846939086914100,-122.29820251464800,ALAMEDA,BERKELEY,-122.29836273193400,37.846916198730500
92258276,2023,2023-12-20,9370,2023-11-19,834,23368,,7,1,6,103,0,1,1,,2,81,INTERSTATE 80 WESTBOUND TO ASHBY AVENUE,ASHBY AVE,942.00,E,N,A,-,Y,ALA,,80, , ,4.763,H,,L,N,3,0,1,4,A,-,3,22350,,N,B,C,A,A,H,-,A,D,0,,,,,Y,,A,1,0,1,0,0,0,0,0,0,0,- ,- ,37.851581573486300,-122.29979705810500,ALAMEDA,BERKELEY,-122.29967498779300,37.851600646972700
92259572,2023,2023-12-12,9370,2023-11-29,1025,23589,,3,1,6,103,0,1,1,,2,81,I-80 W/B,ASHBY AVE,150.00,W,N,A,-,Y,ALA,,80, , ,4.549,H,,L,Y,4,0,5,3,A,-,3,22350,,N,C,C,A,A,H,-,A,D,0,,,,,Y,,A,1,0,0,5,0,0,0,0,0,0,- ,- ,37.84857177734380,-122.29885101318400,ALAMEDA,BERKELEY,-122.2989501953130,37.848552703857400
92264214,2023,2023-12-18,9370,2023-11-29,1809,23346,,3,2,6,103,0,1,1,,2,81,I-80 W/B,UNIVERSITY AVE,1085.00,E,N,A,-,Y,ALA,,80, , ,6.044,H,,L,N,4,0,2,2,A,-,7,21658,A,F,B,C,A,A,H,-,D,D,0,,,,,Y,,-,- ,0,0,2,0,0,0,0,0,0,- ,- ,37.869701385498000,-122.30480194091800,ALAMEDA,BERKELEY,-122.30483245849600,37.869693756103500
92268096,2023,2023-12-21,9370,2023-11-06,355,22863,,1,3,6,103,0,1,1,,2,81,I-80 E/B,EAST ASHBY AVENUE OVERCROSSING,265.00,E,N,A,-,Y,ALA,,80, , ,4.634,H,,R,N,3,0,1,1,A,-,1,23152,F,N,B,8,A,A,H,-,C,D,0,,,,,Y,,A,1,0,1,0,0,0,0,0,0,0,- ,- ,37.849758148193400,-122.29886627197300,ALAMEDA,BERKELEY,-122.29903411865200,37.849735260009800
92271189,2023,2023-12-26,9370,2023-12-16,2343,23368,,6,3,6,103,0,1,1,,2,81,INTERSTATE 80 EASTBOUND,BUCHANAN ST,1743.00,W,N,A,-,Y,ALA,,80, ,R,6.958,H,,R,N,3,0,1,2,A,-,7,21658,A,M,D,C,A,A,H,-,C,D,0,,,,,Y,,-,99,0,1,0,0,0,0,0,0,0,- ,- ,37.882549285888700,-122.30815124511700,ALAMEDA,BERKELEY,-122.30819702148400,37.882545471191400
92282578,2023,2024-01-09,9370,2023-12-29,2100,23598,,5,2,6,103,0,1,1,,2,81,I-80 W/B,GILMAN ST,257.00,E,N,C,-,Y,ALA,,80, ,R,6.943,H,,L,Y,3,0,1,2,A,-,3,22350,,N,A,C,A,B,H,-,D,D,0,,,,,Y,,A,1,0,1,0,0,0,0,0,0,0,- ,- ,37.882339477539100,-122.30829620361300,ALAMEDA,BERKELEY,-122.30841064453100,37.88232421875
92282999,2023,2024-01-09,9370,2023-12-15,2345,23344,,5,3,6,103,0,1,1,,2,81,INTERSTATE 80,UNIVERSITY AVE,200.00,W,N,A,-,Y,,,,,,,,,,Y,3,0,1,1,A,-,1,23152,A,N,F,I,A,A,H,-,C,D,0,,,,,Y,Y,A,1,0,1,0,0,0,0,0,0,0,- ,- ,37.866371154785200,-122.30323791503900,ALAMEDA,BERKELEY,-122.30356597900400,37.866268157959000
92283236,2023,2024-01-09,9370,2023-12-28,1805,22487,,4,2,6,103,0,1,1,,2,81,I-80 W/B,UNIVERSITY AVE,1550.00,E,N,A,-,Y,ALA,,80, , ,6.135,H,,L,N,4,0,2,3,A,-,3,22350,,N,C,C,A,A,H,-,C,D,0,,,,,Y,,A,1,0,0,2,0,0,0,0,0,0,- ,- ,37.8709716796875,-122.30516815185500,ALAMEDA,BERKELEY,-122.30522155761700,37.870960235595700
9467811,2023,2024-03-01,103,2023-11-24,1111,12,,5,5,6,103,0,0,0,,0,11,SAN PABLO,ADDISON ST,0.00,,Y,A,-,Y,ALA,4,123,-,-,3.090,H,-,S,N,3,0,1,3,A,-,8,22107,,N,C,D,A,A,H,-,A,A,0,,,,,Y,,A,1,0,1,0,0,0,0,0,0,0,- ,- ,37.868148803710900,-122.29180908203100,ALAMEDA,BERKELEY,-122.29196166992200,37.868251800537100
9470733,2023,2023-10-19,103,2023-08-10,1554,S29,,4,5,6,103,0,0,0,,0,5,PARKER,MATHEWS,0.00,,Y,-,-,N,,,,,,,,,,N,3,0,1,1,A,-,8,22107,,N,E,I,A,A,H,-,A,D,0,,,,,Y,Y,M,91,0,1,0,0,0,0,0,0,0,- ,- ,,,ALAMEDA,BERKELEY,-122.28695678710900,37.859634399414100
9514262,2023,2024-03-01,103,2023-12-01,148,90,,5,5,6,103,0,0,0,,0,11,SAN PABLO AV,DWIGHT WY,2.00,S,N,A,-,Y,ALA,4,123,-,-,2.560,H,-,N,Y,3,0,6,3,A,-,12,21453,A,F,C,C,A,A,H,-,C,A,0,,,,,Y,,A,1,0,4,2,0,0,0,0,0,0,- ,- ,37.861091613769500,-122.28955078125,ALAMEDA,BERKELEY,-122.28948974609400,37.860992431640600
9514266,2023,2024-03-01,103,2023-12-08,1427,107,4002,5,5,6,103,0,0,0,,0,10,ASHBY AV,SACRAMENTO,0.00,,Y,A,-,Y,ALA,4,13,-,-,12.760,I,5,S,Y,3,0,1,2,A,-,9,21801,A,N,D,C,A,A,H,-,A,A,0,,,,,Y,,A,1,0,1,0,0,0,0,0,0,0,- ,- ,37.853279113769500,-122.27900695800800,ALAMEDA,BERKELEY,-122.27902221679700,37.853305816650400
9514270,2023,2024-03-01,103,2023-12-05,1138,150,,2,5,6,103,0,0,0,,0,14,SAN PABLO,CEDAR,0.00,,Y,A,-,Y,ALA,4,123,-,-,3.600,I,5,N,N,3,0,1,2,A,-,8,22107,,N,B,G,A,A,H,-,A,A,0,,Y,,,Y,,L,4,0,1,0,0,0,0,1,0,0,- ,- ,37.875198364257800,-122.29409027099600,ALAMEDA,BERKELEY,-122.29409790039100,37.875190734863300
9514275,2023,2024-02-08,103,2023-12-22,1756,124,20,5,5,6,103,0,0,0,,0,11,SAN PABLO,DWIGHT,0.00,,Y,A,-,Y,ALA,,123, , ,2.567,H,,R,N,3,0,1,2,A,-,3,22350,,N,C,C,A,A,H,-,C,A,0,,,,,Y,,A,1,0,1,0,0,0,0,0,0,0,- ,- ,37.861091613769500,-122.28955078125,ALAMEDA,BERKELEY,-122.28952026367200,37.861095428466800
9515104,2023,2024-03-01,103,2023-12-29,1900,80,19,5,5,6,103,0,0,0,,0,14,SAN PABLO AV,GILMAN ST,0.00,,Y,C,-,Y,ALA,4,123,-,-,3.980,I,5,S,Y,3,0,2,2,A,-,12,21453,A,N,D,C,A,B,H,-,C,A,0,,,,,Y,,A,1,0,1,1,0,0,0,0,0,0,- ,- ,37.880470275878900,-122.29579925537100,ALAMEDA,BERKELEY,-122.2958984375,37.880466461181600
9546904,2023,2023-03-02,103,2023-01-31,1840,94,30,2,5,6,103,0,0,0,,0,4,MARTIN LUTHER KING JR WY,ADDISON,0.00,,Y,-,-,N,,,,,,,,,,N,3,0,1,2,A,-,9,21801,A,N,D,G,A,A,H,-,C,D,0,,Y,,,Y,,A,1,0,1,0,0,0,0,1,0,0,- ,- ,37.87017822265630,-122.27326202392600,ALAMEDA,BERKELEY,-122.27291107177700,37.870567321777300
9546905,2023,2023-03-02,103,2023-01-31,1807,45,,2,5,6,103,0,0,0,,0,5,CHANNING,SHATTUCK AV,200.00,E,N,A,-,N,,,,,,,,,,N,3,0,1,1,A,-,3,22350,,N,H,J,A,A,H,-,C,D,0,,,,,Y,,M,94,0,1,0,0,0,0,0,0,0,- ,- ,,,ALAMEDA,BERKELEY,-122.26693725585900,37.865859985351600
9546906,2023,2023-03-02,103,2023-01-31,1500,155,,2,5,6,103,0,0,0,,0,16,CAMELIA,STANNAGE,0.00,,Y,A,-,N,,,,,,,,,,N,3,0,1,2,A,-,10,21950,A,N,D,B,D,A,H,-,A,D,0,Y,,,,Y,,A,1,0,1,0,0,1,0,0,0,0,- ,- ,37.87908935546880,-122.29348754882800,ALAMEDA,BERKELEY,-122.29347229003900,37.879108428955100
9546907,2023,2023-03-03,103,2023-01-31,1029,112,,2,5,6,103,0,0,0,,0,14,BREAKWATER,SPINNAKER WY,240.00,S,N,A,-,N,,,,,,,,,,N,2,0,2,3,A,-,21,22106,,F,G,B,E,A,H,-,A,D,0,Y,,,,Y,,A,1,1,1,0,0,2,0,0,0,0,- ,- ,37.863838195800800,-122.31349945068400,ALAMEDA,BERKELEY,-122.31862640380900,37.869228363037100
9546908,2023,2023-03-02,103,2023-01-31,940,112,,2,5,6,103,0,0,0,,0,14,UNIVERSITY,7TH,0.00,,Y,A,-,N,,,,,,,,,,N,2,0,1,2,A,-,10,21950,A,N,G,B,B,A,H,-,A,A,0,Y,,,,Y,,A,1,1,0,0,0,1,0,0,0,0,- ,- ,37.868198394775400,-122.29662322998000,ALAMEDA,BERKELEY,-122.29663848877000,37.868255615234400
9546909,2023,2023-03-03,103,2023-01-28,1638,7,39 01,6,5,6,103,0,0,0,,0,8,PRINCE,TREMONT,0.00,,Y,A,-,N,,,,,,,,,,Y,3,0,1,2,A,-,9,21800,A,N,D,C,A,A,H,-,A,D,0,,,,,Y,,A,1,0,1,0,0,0,0,0,0,0,- ,- ,37.852840423584000,-122.26812744140600,ALAMEDA,BERKELEY,-122.26811218261700,37.852802276611300
9546910,2023,2023-03-02,103,2023-01-24,1830,122,,2,5,6,103,0,0,0,,0,1,SHATTUCK,ROSE,0.00,,Y,A,-,N,,,,,,,,,,N,3,0,1,2,A,-,10,21950,A,N,G,B,B,A,H,-,C,D,0,Y,,,,Y,,A,1,0,1,0,0,1,0,0,0,0,- ,- ,37.88201904296880,-122.26953887939500,ALAMEDA,BERKELEY,-122.26953887939500,37.882026672363300
9546911,2023,2023-03-03,103,2023-01-23,828,124,26,1,5,6,103,0,0,0,,0,4,ALLSTON ST,OXFORD,0.00,,Y,A,-,N,,,,,,,,,,N,3,0,1,2,A,-,8,22107,,F,G,B,B,A,H,-,A,D,0,Y,,,,Y,,A,1,0,1,0,0,1,0,0,0,0,- ,- ,37.869678497314500,-122.26579284668000,ALAMEDA,BERKELEY,-122.26589202880900,37.869678497314500
9546912,2023,2023-03-02,103,2023-01-21,1909,29,24,6,5,6,103,0,0,0,,0,2,OXFORD,HEARST ST,400.00,N,N,A,-,N,,,,,,,,,,N,3,0,1,2,A,-,21,22106,,N,H,C,A,A,H,-,C,D,0,,,,,Y,,A,1,0,1,0,0,0,0,0,0,0,- ,- ,37.875839233398400,-122.26622772216800,ALAMEDA,BERKELEY,-122.26649475097700,37.875251770019500
9546920,2023,2023-03-02,103,2023-01-19,1710,107,19,4,5,6,103,0,0,0,,0,16,ORDWAY,GILMAN,0.00,,Y,A,-,N,,,,,,,,,,N,3,0,1,2,A,-,9,21802,A,F,D,G,A,A,H,-,B,A,0,,Y,,,Y,,L,4,0,1,0,0,0,0,1,0,0,- ,- ,37.880638122558600,-122.28672790527300,ALAMEDA,BERKELEY,-122.28668975830100,37.880649566650400
9546921,2023,2023-03-02,103,2023-01-19,1430,94,17,4,5,6,103,0,0,0,,0,2,OXFORD,CEDAR,0.00,,Y,A,-,N,,,,,,,,,,Y,3,0,2,2,A,-,12,21453,A,N,D,C,A,A,H,-,A,A,0,,,,,Y,,A,1,0,2,0,0,0,0,0,0,0,- ,- ,37.878711700439500,-122.66861724853500,ALAMEDA,BERKELEY,-122.26686859130900,37.878696441650400
9546922,2023,2023-03-02,103,2023-01-17,2325,23,39 01,2,5,6,103,0,0,0,,0,8,WOOLSEY,DEAKIN,0.00,,Y,A,-,N,,,,,,,,,,N,3,0,1,1,A,-,3,22350,,N,E,I,A,A,G,-,C,A,0,,Y,,,Y,,L,4,0,1,0,0,0,0,1,0,0,- ,- ,37.853141784668000,-122.25981903076200,ALAMEDA,BERKELEY,-122.26181030273400,37.852729797363300
9546923,2023,2023-03-02,103,2023-01-17,1714,145,24,2,5,6,103,0,0,0,,0,3,UNIVERSITY,MARTIN LUTHER KING JR WY,0.00,,Y,A,-,N,,,,,,,,,,N,4,0,1,2,A,-,4,21703,,N,C,C,A,A,H,-,-,A,0,,,,,Y,,A,1,0,0,1,0,0,0,0,0,0,- ,- ,37.871559143066400,-122.27300262451200,ALAMEDA,BERKELEY,-122.27300262451200,37.871524810791000
9546924,2023,2023-03-02,103,2023-01-17,1121,S29,20,2,5,6,103,0,0,0,,0,14,4TH,CEDAR,0.00,,Y,A,-,N,,,,,,,,,,N,3,0,1,2,A,-,17,22517,,N,F,G,A,A,H,-,A,D,0,,Y,,,Y,,A,1,0,1,0,0,0,0,1,0,0,- ,- ,,,ALAMEDA,BERKELEY,-122.30181121826200,37.873645782470700
9546925,2023,2023-03-02,103,2023-01-16,1120,118,,1,5,6,103,0,0,0,,0,7,PIEDMONT AV,BANCROFT,0.00,,Y,A,-,N,,,,,,,,,,N,3,0,2,2,A,-,9,21801,B,N,D,C,A,A,H,-,A,D,0,,,,,Y,,A,1,0,2,0,0,0,0,0,0,0,- ,- ,37.869590759277300,-122.25228881835900,ALAMEDA,BERKELEY,-122.2523193359380,37.869586944580100
9546926,2023,2023-03-07,103,2023-01-15,1815,149,,7,5,6,103,0,0,0,,0,8,TELEGRAPH,WARD,0.00,,Y,C,-,N,,,,,,,,,,N,4,0,1,2,A,-,9,21801,A,F,D,G,A,B,H,-,C,D,0,,Y,,,Y,,A,1,0,0,1,0,0,0,1,0,0,- ,- ,37.860458374023400,-122.25907897949200,ALAMEDA,BERKELEY,-122.25907897949200,37.860462188720700
9546927,2023,2023-03-02,103,2023-01-14,2211,55,15,6,5,6,103,0,0,0,,0,2,SHASTA,STEVENSON PATH,58.00,S,N,C,-,N,,,,,,,,,,Y,3,0,1,2,A,-,1,23152,A,N,F,E,A,B,E,-,D,D,0,,,,,Y,Y,A,1,0,1,0,0,0,0,0,0,0,- ,- ,37.889949798584000,-122.252197265625,ALAMEDA,BERKELEY,-122.255126953125,37.889595031738300
9546928,2023,2023-03-02,103,2023-01-14,1904,4,,6,5,6,103,0,0,0,,0,15,6TH,CAMELIA,0.00,,Y,B,C,N,,,,,,,,,,N,4,0,1,3,A,-,9,21802,A,N,D,C,A,B,A,-,C,D,0,,,,,Y,,A,1,0,0,1,0,0,0,0,0,0,- ,- ,37.877769470214800,-122.30132293701200,ALAMEDA,BERKELEY,-122.30078887939500,37.877597808837900
9546929,2023,2023-03-02,103,2023-01-12,1016,23,,4,5,6,103,0,0,0,,0,12,ACTON,DERBY ST,50.00,N,N,A,-,N,,,,,,,,,,N,3,0,1,2,A,-,17,22517,,N,H,G,A,A,B,-,A,D,0,,Y,,,Y,,A,1,0,1,0,0,0,0,1,0,0,- ,- ,37.585769653320300,-122.28279876709000,ALAMEDA,BERKELEY,-122.28250885009800,37.858543395996100
9546930,2023,2023-03-02,103,2023-01-05,1709,2,,4,5,6,103,0,0,0,,0,3,MCGEE,BERKELEY,0.00,,Y,C,-,N,,,,,,,,,,N,3,0,1,1,A,-,3,22350,,N,A,J,A,B,H,-,B,A,0,,,Y,,Y,,C,2,0,1,0,0,0,0,0,0,1,- ,- ,37.871868133544900,-122.27761077880900,ALAMEDA,BERKELEY,-122.27761840820300,37.871875762939500
9546931,2023,2023-03-02,103,2023-01-05,1543,104,37,4,5,6,103,0,0,0,,0,7,COLLEGE,ASHBY,0.00,,Y,A,-,N,,,,,,,,,,N,3,0,1,2,A,-,10,21950,A,N,G,B,B,A,H,-,A,A,0,Y,,,,Y,,A,1,0,1,0,0,1,0,0,0,0,- ,- ,37.857040405273400,-122.25303649902300,ALAMEDA,BERKELEY,-122.25305938720700,37.857032775878900
9546932,2023,2023-03-02,103,2023-01-04,1750,45,,3,5,6,103,0,0,0,,0,5,DWIGHT,GRANT,0.00,,Y,C,-,N,,,,,,,,,,N,4,0,1,2,A,-,10,21950,A,F,G,B,D,B,F,-,D,B,0,Y,,,,Y,,A,8,0,0,1,0,1,0,0,0,0,- ,- ,,,ALAMEDA,BERKELEY,-122.27440643310500,37.863063812255900
9546933,2023,2023-03-02,103,2023-01-04,1051,85,,3,5,6,103,0,0,0,,0,5,GRANT,BANCROFT,146.00,N,N,C,-,N,,,,,,,,,,Y,3,0,1,1,A,-,3,22350,,N,A,I,A,-,H,-,A,D,0,,,,,Y,,A,7,0,1,0,0,0,0,0,0,0,- ,- ,37.867111206054700,-122.27506256103500,ALAMEDA,BERKELEY,-122.27483367919900,37.867076873779300
9546934,2023,2023-03-02,103,2023-01-04,720,87,20,3,5,6,103,0,0,0,,0,15,GILMAN,EASTSHORE HWY,0.00,,Y,B,C,N,,,,,,,,,,N,3,0,1,2,A,-,9,21802,A,N,D,C,A,B,-,-,A,D,0,,,,,Y,,A,1,0,1,0,0,0,0,0,0,0,- ,- ,37.879669189453100,-122.30729675293000,ALAMEDA,BERKELEY,-122.30648040771500,37.878326416015600
9546935,2023,2023-03-02,103,2023-01-03,1410,5,,2,5,6,103,0,0,0,,0,7,COLLEGE,ALCATRAZ,0.00,,Y,B,-,N,,,,,,,,,,N,3,0,1,2,A,-,10,21950,A,N,G,B,B,A,H,-,A,A,0,Y,,,,Y,,A,1,0,1,0,0,1,0,0,0,0,- ,- ,37.851261138916000,-122.25247955322300,ALAMEDA,BERKELEY,-122.25247192382800,37.851272583007800
9547271,2023,2023-03-01,103,2023-01-11,609,118,,3,5,6,103,0,0,0,,0,8,ASHBY AV,SHATTUCK AV,0.00,,Y,C,-,Y,ALA,4,13,-,-,12.058,I,5,S,N,3,0,1,2,A,-,3,22350,,N,D,C,A,B,H,-,C,A,0,,,,,Y,,D,22,0,1,0,0,0,0,0,0,0,- ,- ,37.855300903320300,-122.26648712158200,ALAMEDA,BERKELEY,-122.26652526855500,37.855300903320300
9547276,2023,2023-03-07,103,2023-01-25,732,112,,3,5,6,103,0,0,0,,0,15,GILMAN ST,6TH ST,140.00,S,N,A,-,N,,,,,,,,,,N,3,0,1,2,A,-,8,22107,,N,D,C,A,A,H,-,A,A,0,,,Y,,Y,,D,22,0,1,0,0,0,0,0,0,1,- ,- ,37.879371643066400,-122.30129241943400,ALAMEDA,BERKELEY,-122.30182647705100,37.879276275634800
9551133,2023,2023-03-01,103,2023-01-24,1243,144,,2,5,6,103,0,0,0,,0,11,RT 13,ACTION ST,0.00,,Y,A,-,Y,ALA,4,13,-,-,12.890,I,5,S,N,3,0,1,2,A,-,9,21802,A,N,D,C,A,A,H,-,A,A,0,,,,,Y,,M,94,0,1,0,0,0,0,0,0,0,- ,- ,,,ALAMEDA,BERKELEY,-122.28137969970700,37.853218078613300
9551137,2023,2023-03-01,103,2023-01-24,913,104,20,2,5,6,103,0,0,0,,0,11,SAN PABLO AV,FOLGER AV,0.00,,Y,A,-,Y,ALA,4,123,-,-,1.850,I,5,S,N,3,0,1,1,A,-,3,22350,,N,F,I,A,A,H,-,A,D,0,,,Y,,Y,,C,2,0,1,0,0,0,0,0,0,1,- ,- ,37.850959777832000,-122.28629302978500,ALAMEDA,BERKELEY,-122.28645324707000,37.851116180419900
9551141,2023,2023-03-01,103,2023-01-20,1158,123,,5,5,6,103,0,0,0,,0,13,SAN PABLO,CHAUCER,0.00,,Y,A,-,Y,ALA,4,123,-,-,2.750,I,5,S,Y,3,0,1,2,A,-,8,22107,,F,B,C,A,A,H,-,A,D,0,,,Y,,Y,,C,2,0,1,0,0,0,0,0,0,1,- ,- ,37.863651275634800,-122.29035949707000,ALAMEDA,BERKELEY,-122.29047393798800,37.863666534423800
9551181,2023,2023-02-23,103,2023-01-07,1220,100,,6,5,6,103,0,0,0,,0,7,COLLEGE,WOOLSEY ST,10.00,S,N,B,-,N,,,,,,,,,,N,3,0,2,2,A,-,5,21651,A,N,A,C,A,A,-,-,A,D,0,,,,,Y,,A,1,0,2,0,0,0,0,0,0,0,- ,- ,37.853900909423800,-122.25273132324200,ALAMEDA,BERKELEY,-122.25273895263700,37.853851318359400
9554963,2023,2023-03-24,103,2023-02-24,1650,6,3601,5,5,6,103,0,0,0,,0,8,ASHBY,TELEGRAPH,0.00,,Y,A,-,Y,ALA,4,13,-,-,11.590,H,-,N,N,4,0,1,2,A,-,9,21801,A,N,A,C,A,A,H,-,A,A,0,,,,,Y,,A,7,0,0,1,0,0,0,0,0,0,- ,- ,37.856189727783200,-122.25966644287100,ALAMEDA,BERKELEY,-122.25934600830100,37.856208801269500
9554970,2023,2023-03-24,103,2023-01-31,1230,23,37,2,5,6,103,0,0,0,,0,7,ASHBY AV,COLLEGE AV,0.00,,Y,A,-,Y,ALA,4,13,-,-,11.230,I,5,N,N,3,0,1,2,A,-,3,22350,,N,D,C,A,A,H,-,A,A,0,,,,,Y,,A,1,0,1,0,0,0,0,0,0,0,- ,- ,37.857040405273400,-122.25303649902300,ALAMEDA,BERKELEY,-122.25307464599600,37.857013702392600
9555022,2023,2023-04-04,103,2023-02-06,1418,144,,1,5,6,103,0,0,0,,0,8,RT 13,SHATTUCK,0.00,,Y,A,-,Y,ALA,4,13,-,-,12.058,I,5,S,Y,3,0,2,2,A,-,9,21801,A,N,A,C,A,A,H,-,A,A,0,,,,,Y,,A,1,0,1,1,0,0,0,0,0,0,- ,- ,,,ALAMEDA,BERKELEY,-122.26652526855500,37.855300903320300
9555026,2023,2023-03-24,103,2023-02-09,1820,109,3601,4,5,6,103,0,0,0,,0,8,ASHBY,DEAKIN,0.00,,Y,A,-,Y,ALA,4,13,-,-,11.770,I,5,N,N,3,0,1,2,A,-,10,21950,A,N,G,B,B,A,H,-,D,D,0,Y,,,,Y,,D,22,0,1,0,0,1,0,0,0,0,- ,- ,37.855838775634800,-122.26241302490200,ALAMEDA,BERKELEY,-122.26235198974600,37.855812072753900
9555030,2023,2023-03-24,103,2023-02-09,2057,90,,4,5,6,103,0,0,0,,0,9,RT 13,SACRAMENTO,0.00,,Y,A,-,Y,ALA,4,13,-,-,12.760,I,5,N,Y,3,0,2,2,A,-,9,21801,A,N,D,C,A,A,H,-,C,A,0,,,,,Y,,A,1,0,2,0,0,0,0,0,0,0,- ,- ,37.853279113769500,-122.27900695800800,ALAMEDA,BERKELEY,-122.27902221679700,37.853305816650400
9555034,2023,2023-03-24,103,2023-02-15,1740,75,,3,5,6,103,0,0,0,,0,11,SAN PABLO,ASHBY,0.00,,Y,A,-,Y,ALA,4,123,-,-,1.930,H,-,N,Y,4,0,1,2,A,-,3,22350,,N,B,E,A,A,H,-,C,D,0,,,,,Y,,A,1,0,0,1,0,0,0,0,0,0,- ,- ,,,ALAMEDA,BERKELEY,-122.28675079345700,37.852443695068400
9555038,2023,2023-03-24,103,2023-02-28,1215,33,3601,2,5,6,103,0,0,0,,0,8,ASHBY,HILLEGASS AV,72.00,E,N,B,-,Y,ALA,4,13,-,-,11.350,H,-,N,N,3,0,1,2,A,-,3,22350,,N,D,C,A,A,H,-,A,A,0,,,,,Y,,A,1,0,1,0,0,0,0,0,0,0,- ,- ,37.856731414794900,-122.2554931640630,ALAMEDA,BERKELEY,-122.25514984130900,37.856777191162100
9557877,2023,2023-03-23,103,2023-01-31,1540,S34,,2,5,6,103,0,0,0,,0,14,6TH,UNIVERSITY,0.00,,Y,A,-,N,,,,,,,,,,N,4,0,1,2,A,-,4,21703,,N,C,C,A,A,H,-,A,A,0,,,,,Y,Y,D,22,0,0,1,0,0,0,0,0,0,- ,- ,37.867988586425800,-122.29766082763700,ALAMEDA,BERKELEY,-122.29771423339800,37.867969512939500
9557878,2023,2023-04-03,103,2023-02-10,1302,112,,5,5,6,103,0,0,0,,0,3,UNIVERSITY,MARTIN LUTHER KING JR WY,72.00,W,N,A,-,N,,,,,,,,,,N,3,0,1,2,A,-,17,22517,,N,C,G,A,A,H,-,A,A,0,,Y,,,Y,,D,22,0,1,0,0,0,0,1,0,0,- ,- ,37.871559143066400,-122.27300262451200,ALAMEDA,BERKELEY,-122.27324676513700,37.871482849121100
9558762,2023,2023-03-22,103,2023-01-22,1801,27,,7,5,6,103,0,0,0,,0,1,GRIZZLY PEAK,FOREST LN,0.00,,Y,A,-,N,,,,,,,,,,N,3,0,1,2,A,-,6,21750,,N,D,G,A,A,H,-,D,D,0,,Y,,,Y,,L,4,0,1,0,0,0,0,1,0,0,- ,- ,37.894950866699200,-122.26007843017600,ALAMEDA,BERKELEY,-122.26113891601600,37.896785736084000
9561675,2023,2023-03-30,103,2023-02-01,1805,13,,3,5,6,103,0,0,0,,0,5,MILVIA ST,CARLETON ST,0.00,,Y,A,-,N,,,,,,,,,,N,3,0,1,2,A,-,10,21950,A,F,G,B,B,A,H,-,C,A,0,Y,,,,Y,,A,7,0,1,0,0,1,0,0,0,0,- ,- ,37.860919952392600,-122.26952362060500,ALAMEDA,BERKELEY,-122.26953125,37.860912322998000
9561676,2023,2023-03-30,103,2023-02-02,1758,25,,4,5,6,103,0,0,0,,0,14,6TH AV,UNIVERSITY,0.00,,Y,A,-,N,,,,,,,,,,Y,4,0,1,2,A,-,9,21804,A,N,D,C,A,A,H,-,C,A,0,,,,,Y,,A,1,0,0,1,0,0,0,0,0,0,- ,- ,37.867988586425800,-122.29766082763700,ALAMEDA,BERKELEY,-122.29771423339800,37.867969512939500
9561677,2023,2023-03-30,103,2023-02-03,945,32,,5,5,6,103,0,0,0,,0,3,MARTIN LUTHER KING JR WY,UNIVERSITY,0.00,,Y,A,-,N,,,,,,,,,,N,4,0,1,3,A,-,7,21658,A,N,B,C,A,A,H,-,A,A,0,,,,,Y,,A,1,0,0,1,0,0,0,0,0,0,- ,- ,37.871559143066400,-122.27300262451200,ALAMEDA,BERKELEY,-122.27300262451200,37.871524810791000
9561678,2023,2023-03-30,103,2023-02-06,1559,27,,1,5,6,103,0,0,0,,0,14,9TH AV,UNIVERSITY,0.00,,Y,A,-,N,,,,,,,,,,Y,3,0,2,3,A,-,12,21453,A,N,D,C,A,A,H,-,A,A,0,,,,,Y,,A,1,0,2,0,0,0,0,0,0,0,- ,- ,37.868640899658200,-122.29441070556600,ALAMEDA,BERKELEY,-122.29441833496100,37.868705749511700
9561679,2023,2023-03-30,103,2023-02-08,1400,149,20,3,5,6,103,0,0,0,,0,15,EIGHTH,GILMAN ST,45.00,S,N,A,-,N,,,,,,,,,,N,3,0,1,2,A,-,17,22517,,N,B,G,A,A,H,-,A,D,0,,Y,,,Y,,A,8,0,1,0,0,0,0,1,0,0,- ,- ,37.879520416259800,-122.29929351806600,ALAMEDA,BERKELEY,-122.29914855957000,37.879692077636700
9561680,2023,2023-03-30,103,2023-02-10,1128,112,,5,5,6,103,0,0,0,,0,15,GILMAN AV,FRONTAGE RD,0.00,,Y,A,-,N,,,,,,,,,,N,3,0,1,2,A,-,9,21802,A,N,D,G,A,A,A,B,A,A,0,,Y,,,Y,,L,4,0,1,0,0,0,0,1,0,0,- ,- ,37.880748748779300,-122.30917358398400,ALAMEDA,BERKELEY,-122.30793762207000,37.878013610839800
9561681,2023,2023-03-30,103,2023-02-10,2205,109,35,5,5,6,103,0,0,0,,0,8,SHATTUCK AV,STUART ST,0.00,,Y,A,-,N,,,,,,,,,,N,3,0,1,2,A,-,10,21950,A,N,G,B,B,A,H,-,D,D,0,Y,,,,Y,,A,1,0,1,0,0,1,0,0,0,0,- ,- ,37.858528137207000,-122.26689910888700,ALAMEDA,BERKELEY,-122.26690673828100,37.858509063720700
9561682,2023,2023-03-30,103,2023-02-10,2322,149,27,5,5,6,103,0,0,0,,0,7,CHANNING ST,COLLEGE AV,0.00,,Y,B,-,N,,,,,,,,,,N,3,0,2,3,A,-,11,21453,D,F,G,B,B,B,H,-,C,A,0,Y,,Y,,Y,Y,N,60,0,1,1,0,1,0,0,0,1,- ,- ,37.867488861084000,-122.2542724609380,ALAMEDA,BERKELEY,-122.25428771972700,37.867481231689500
9561683,2023,2023-03-30,103,2023-02-11,2215,149,35,6,5,6,103,0,0,0,,0,5,CARLETON ST,MLK JR WAY,50.00,E,N,A,-,N,,,,,,,,,,N,3,0,1,2,A,-,5,21650,,F,B,G,A,A,H,-,C,D,0,,Y,,,Y,,A,1,0,1,0,0,0,0,1,0,0,- ,- ,37.860630035400400,-122.27179718017600,ALAMEDA,BERKELEY,-122.27163696289100,37.860652923584000
9561684,2023,2023-04-06,103,2023-02-16,1000,S29,29,4,5,6,103,0,0,0,,0,5,CHANNING,SHATTUCK AV,0.00,,Y,B,-,N,,,,,,,,,,N,3,0,1,1,A,-,3,22350,,N,F,A,A,A,H,-,A,D,0,,,,,Y,,M,94,0,1,0,0,0,0,0,0,0,- ,- ,,,ALAMEDA,BERKELEY,-122.26761627197300,37.865779876709000
9561685,2023,2023-03-28,103,2023-02-17,830,20,21,5,5,6,103,0,0,0,,0,10,MARTIN LUTHER KING JR WY,STUART ST,0.00,,Y,A,B,N,,,,,,,,,,Y,3,0,1,2,A,-,9,21801,A,N,D,C,A,A,H,-,A,D,0,,,,,Y,,A,1,0,1,0,0,0,0,0,0,0,- ,- ,37.857959747314500,-122.27149963378900,ALAMEDA,BERKELEY,-122.27152252197300,37.857959747314500
9561686,2023,2023-03-28,103,2023-02-17,1414,100,,5,5,6,103,0,0,0,,0,13,OREGON ST,RUSSELL ST,40.00,N,N,A,-,N,,,,,,,,,,N,3,0,1,2,A,-,5,21202,A,N,A,G,A,A,H,-,A,D,0,,Y,,,Y,,L,4,0,1,0,0,0,0,1,0,0,- ,- ,37.857089996337900,-122.26744079589800,ALAMEDA,BERKELEY,-122.28304290771500,37.855701446533200
9561687,2023,2023-03-28,103,2023-02-19,1030,52,,7,5,6,103,0,0,0,,0,3,UNIVERSITY,MCGEE AV,11.00,W,N,A,-,N,,,,,,,,,,N,3,0,1,2,A,-,3,22350,,F,G,B,B,A,H,-,A,D,0,Y,,,,Y,,A,7,0,1,0,0,1,0,0,0,0,- ,- ,37.870800018310500,-122.28157043457000,ALAMEDA,BERKELEY,-122.27755737304700,37.871036529541000
9561688,2023,2023-03-28,103,2023-02-20,1520,45,,1,5,6,103,0,0,0,,0,6,CHANNING ST,COLLEGE ST,0.00,,Y,A,-,N,,,,,,,,,,N,3,0,1,2,A,-,8,22107,,N,D,C,A,A,H,-,A,A,0,,,,,Y,,A,8,0,1,0,0,0,0,0,0,0,- ,- ,37.867488861084000,-122.2542724609380,ALAMEDA,BERKELEY,-122.25428771972700,37.867481231689500
9561689,2023,2023-03-28,103,2023-02-22,748,112,,3,5,6,103,0,0,0,,0,7,WARRING ST,PIEDMONT CRES,0.00,,Y,A,-,N,,,,,,,,,,N,2,0,1,2,A,-,17,21235,G,N,D,C,A,A,H,-,A,A,0,,,,,Y,,M,94,1,0,0,0,0,0,0,0,0,- ,- ,37.865940093994100,-122.25044250488300,ALAMEDA,BERKELEY,-122.25043487548800,37.865440368652300
9561713,2023,2023-04-04,103,2023-02-25,1902,120,21,6,5,6,103,0,0,0,,0,14,UNIVERSITY,5TH,0.00,,Y,A,-,N,,,,,,,,,,N,3,0,1,1,A,-,8,22107,,N,E,I,A,A,H,-,C,D,0,,,,,Y,,A,1,0,1,0,0,0,0,0,0,0,- ,- ,37.868148803710900,-122.29869079589800,ALAMEDA,BERKELEY,-122.29885101318400,37.867870330810500
9561714,2023,2023-04-04,103,2023-02-23,2015,80,21,4,5,6,103,0,0,0,,0,14,9TH,UNIVERSITY,0.00,,Y,C,-,N,,,,,,,,,,N,3,0,1,2,A,-,10,21950,A,N,G,B,B,B,H,-,C,A,0,Y,,,,Y,,A,1,0,1,0,0,1,0,0,0,0,- ,- ,37.868640899658200,-122.29441070556600,ALAMEDA,BERKELEY,-122.29441833496100,37.868705749511700
9561715,2023,2023-04-04,103,2023-02-25,2306,80,29,6,5,6,103,0,0,0,,0,4,BANCROFT,SHATTUCK,0.00,,Y,A,-,N,,,,,,,,,,Y,3,0,1,2,A,-,12,21453,A,N,D,C,A,A,H,-,C,A,0,,,,,Y,,A,1,0,1,0,0,0,0,0,0,0,- ,- ,37.867431640625,-122.26921844482400,ALAMEDA,BERKELEY,-122.26782989502000,37.867591857910200
9561716,2023,2023-04-04,103,2023-02-26,2208,S32,,7,5,6,103,0,0,0,,0,14,6TH,CHANNING,0.00,,Y,A,-,N,,,,,,,,,,Y,4,0,3,2,A,-,9,21802,A,N,D,D,A,B,H,-,C,A,0,,,,,Y,,A,1,0,0,3,0,0,0,0,0,0,- ,- ,37.861740112304700,-122.29564666748000,ALAMEDA,BERKELEY,-122.29566955566400,37.861747741699200
9561717,2023,2023-04-04,103,2023-02-27,1824,145,17,1,5,6,103,0,0,0,,0,2,OXFORD,VINE,0.00,,Y,C,-,N,,,,,,,,,,N,3,0,1,2,A,-,9,21801,A,N,D,G,A,B,H,-,C,A,0,,Y,,,Y,,A,1,0,1,0,0,0,0,1,0,0,- ,- ,37.880508422851600,-122.26706695556600,ALAMEDA,BERKELEY,-122.26708984375,37.880496978759800
9568084,2023,2023-04-27,103,2023-03-19,1229,124,4001,7,5,6,103,0,0,0,,0,11,ASHBY AV,MABEL ST,0.00,,Y,C,-,Y,ALA,4,13,-,-,13.020,I,5,N,Y,3,0,2,2,A,-,9,21801,A,N,A,C,A,B,H,-,A,A,0,,,,,Y,,A,1,0,2,0,0,0,0,0,0,0,- ,- ,37.852741241455100,-122.28369903564500,ALAMEDA,BERKELEY,-122.28372192382800,37.852752685546900
9568088,2023,2023-04-27,103,2023-03-27,850,104,,1,5,6,103,0,0,0,,0,9,ASHBY AV,HARPER ST,0.00,,Y,A,-,Y,ALA,4,13,-,-,12.380,I,5,S,Y,2,0,1,2,A,-,9,21801,A,F,D,C,A,A,H,-,A,A,0,,,Y,,Y,,A,1,1,0,0,0,0,0,0,0,1,- ,- ,37.854160308837900,-122.27217102050800,ALAMEDA,BERKELEY,-122.27223205566400,37.854164123535200
9568139,2023,2023-04-27,103,2023-03-01,1640,107,20,3,5,6,103,0,0,0,,0,15,GILMAN ST,W FRONTAGE RD,14.00,W,N,A,-,Y,ALA,4,80,-,-,6.408,R,4,W,Y,3,0,1,2,A,-,9,21800,A,F,D,C,A,A,H,-,A,A,0,,,,,Y,,A,1,0,1,0,0,0,0,0,0,0,- ,- ,37.878009796142600,-122.30796051025400,ALAMEDA,BERKELEY,-122.30641937255900,37.874786376953100
9568143,2023,2023-04-27,103,2023-03-06,1934,33,20,1,5,6,103,0,0,0,,0,13,HEINZ AV,SAN PABLO AV,0.00,,Y,C,-,Y,ALA,4,123,-,-,2.080,I,5,N,Y,3,0,1,2,A,-,12,21453,A,F,D,C,A,B,F,H,C,A,0,,,,,Y,,A,8,0,1,0,0,0,0,0,0,0,- ,- ,37.854400634765600,-122.28739929199200,ALAMEDA,BERKELEY,-122.28739166259800,37.85443115234380
9568147,2023,2023-04-27,103,2023-03-08,2000,23,37,3,5,6,103,0,0,0,,0,7,ASHBY AV,CLAREMONT AV,0.00,,Y,A,-,Y,ALA,4,13,-,-,10.790,I,5,N,Y,3,0,1,2,A,-,9,21801,A,N,D,C,A,A,H,-,-,A,0,,,,,Y,,A,7,0,1,0,0,0,0,0,0,0,- ,- ,37.858051300048800,-122.24530029296900,ALAMEDA,BERKELEY,-122.24531555175800,37.858078002929700
9568151,2023,2023-04-27,103,2023-03-10,1305,7,,5,5,6,103,0,0,0,,0,15,RT 123,GILMAN ST,0.00,,Y,A,-,Y,ALA,4,123,-,-,3.980,I,5,S,,3,0,2,2,A,-,9,21801,A,N,A,C,A,A,H,-,A,A,0,,,,,Y,,A,1,0,1,1,0,0,0,0,0,0,- ,- ,,,ALAMEDA,BERKELEY,-122.2958984375,37.880466461181600
9568155,2023,2023-04-27,103,2023-03-15,1606,19,34,3,5,6,103,0,0,0,,0,9,ASHBY AV,CALIFORNIA ST,0.00,,Y,A,-,Y,ALA,4,13,-,-,12.640,I,5,S,Y,3,0,1,2,A,-,9,21802,A,N,D,C,A,A,H,-,A,D,0,,,,,Y,Y,A,1,0,1,0,0,0,0,0,0,0,- ,- ,37.853549957275400,-122.27693176269500,ALAMEDA,BERKELEY,-122.27694702148400,37.853565216064500
9568159,2023,2023-04-27,103,2023-03-18,1701,32,,6,5,6,103,0,0,0,,0,13,SAN PABLO AV,OREGON ST,0.00,,Y,A,-,Y,ALA,4,123,-,-,2.120,I,5,S,N,2,0,1,2,A,-,9,21801,A,N,D,G,A,A,H,-,A,A,0,,Y,,,Y,,A,1,1,0,0,0,0,0,1,0,0,- ,- ,37.85491943359380,-122.28755950927700,ALAMEDA,BERKELEY,-122.28768920898400,37.854911804199200
9568872,2023,2023-06-05,103,2023-04-03,717,112,,1,5,6,103,0,0,0,,0,11,RT 123,RT 13,0.00,,Y,A,-,Y,ALA,4,13,-,-,13.178,I,5,N,Y,4,0,2,2,A,-,9,21801,A,N,A,C,A,A,H,-,A,A,0,,,,,Y,,A,1,0,0,2,0,0,0,0,0,0,- ,- ,37.852138519287100,-122.28668212890600,ALAMEDA,BERKELEY,-122.28665161132800,37.8521728515625
9568876,2023,2023-06-05,103,2023-04-09,253,80,22,7,5,6,103,0,0,0,,0,3,UNIVERSITY AV,SAN PABLO AV,0.00,,Y,A,-,Y,ALA,4,123,-,-,3.150,I,5,S,Y,2,0,5,2,A,-,0,23103,A,N,D,C,A,A,H,-,C,A,0,,,,,Y,,A,1,2,2,1,0,0,0,0,0,0,- ,- ,37.869098663330100,-122.29212188720700,ALAMEDA,BERKELEY,-122.29224395752000,37.869098663330100
9568884,2023,2023-06-16,103,2023-04-06,2125,20,35,4,5,6,103,0,0,0,,0,9,RT 13,NEWBURY,0.00,,Y,A,-,Y,ALA,4,13,-,-,12.120,I,5,N,Y,4,0,2,3,A,-,3,22350,,N,C,C,A,A,H,-,C,D,0,,,,,Y,,A,1,0,0,2,0,0,0,0,0,0,- ,- ,37.855178833007800,-122.26737976074200,ALAMEDA,BERKELEY,-122.26742553710900,37.855182647705100
9568905,2023,2023-06-07,103,2023-04-12,1644,17,,3,5,6,103,0,0,0,,0,7,TUNNEL RD,THE UPLANDS,0.00,,Y,A,-,Y,ALA,4,13,-,-,10.410,H,-,S,,4,0,1,3,A,-,3,22350,,F,C,C,A,A,H,-,A,A,0,,,,,Y,,A,1,0,0,1,0,0,0,0,0,0,- ,- ,37.854541778564500,-122.23754119873000,ALAMEDA,BERKELEY,-122.23979949951200,37.855659484863300
9568909,2023,2023-06-01,103,2023-04-16,1230,107,21,7,5,6,103,0,0,0,,0,14,RT 123,VIRGINIA,0.00,,Y,A,-,Y,ALA,4,123,-,-,3.470,I,5,N,N,2,0,1,2,A,-,10,21950,A,N,G,B,B,-,H,-,A,A,0,Y,,,,Y,,A,1,1,0,0,0,1,0,0,0,0,- ,- ,37.873439788818400,-122.29353332519500,ALAMEDA,BERKELEY,-122.29353332519500,37.873481750488300
9568913,2023,2023-06-07,103,2023-04-19,1345,52,,3,5,6,103,0,0,0,,0,7,TUNNEL RD,DOMINGO AV,0.00,,Y,A,-,Y,ALA,4,13,-,-,10.680,H,-,N,N,4,0,1,2,A,-,8,22107,,N,B,C,A,A,H,-,A,A,0,,,,,Y,,A,1,0,0,1,0,0,0,0,0,0,- ,- ,37.858291625976600,-122.24472808837900,ALAMEDA,BERKELEY,-122.24367523193400,37.858066558837900
9568917,2023,2023-06-05,103,2023-04-24,814,37,,1,5,6,103,0,0,0,,0,11,RT 13,RT 123,29.00,E,N,A,-,Y,ALA,4,13,-,-,13.170,H,-,N,N,3,0,1,2,A,-,3,22350,,F,C,C,A,A,H,-,A,A,0,,,,,Y,,A,7,0,1,0,0,0,0,0,0,0,- ,- ,37.852138519287100,-122.28668212890600,ALAMEDA,BERKELEY,-122.2864990234380,37.852199554443400
9568921,2023,2023-05-25,103,2023-04-28,2329,12,,5,5,6,103,0,0,0,,0,9,MARTIN LUTHER KING JR,ADELINE,0.00,,Y,A,-,N,,,,,,,,,,Y,3,0,1,2,A,-,9,21801,A,N,D,C,A,A,H,-,C,A,0,,,,,Y,,A,1,0,1,0,0,0,0,0,0,0,- ,- ,37.847259521484400,-122.271728515625,ALAMEDA,BERKELEY,-122.27176666259800,37.847087860107400
9574168,2023,2023-04-24,103,2023-03-08,1350,121,,3,5,6,103,0,0,0,,0,6,DANA,PARKER,0.00,,Y,A,-,N,,,,,,,,,,N,2,0,1,2,A,-,10,21950,A,F,G,B,B,A,H,-,A,A,0,Y,,,Y,Y,,F,26,1,0,0,0,1,0,0,0,0,- ,- ,37.863048553466800,-122.26035308837900,ALAMEDA,BERKELEY,-122.26035308837900,37.863052368164100
9574176,2023,2023-04-26,103,2023-03-11,2136,32,,6,5,6,103,0,0,0,,0,2,OXFORD CIR,ROSE ST,0.00,,N,A,-,N,,,,,,,,,,Y,4,0,1,3,A,-,1,23152,F,N,D,E,A,B,H,-,C,D,0,,,,,Y,,A,1,0,0,1,0,0,0,0,0,0,- ,- ,37.883590698242200,-122.26715850830100,ALAMEDA,BERKELEY,-122.26729583740200,37.882339477539100
9574180,2023,2023-04-27,103,2023-03-15,1544,S29,29,3,5,6,103,0,0,0,,0,6,FULTON AV,BANCROFT WY,93.00,S,N,A,-,N,,,,,,,,,,N,2,0,1,2,A,-,11,21954,A,N,G,B,E,A,H,-,A,A,0,Y,,,,Y,,N,60,1,0,0,0,1,0,0,0,0,- ,- ,,,ALAMEDA,BERKELEY,-122.26588439941400,37.867588043212900
9574208,2023,2023-04-24,103,2023-03-02,1122,112,,4,5,6,103,0,0,0,,0,12,UNIVERSITY,SAN PABLO AV,270.00,E,N,A,-,N,,,,,,,,,,N,3,0,1,2,A,-,10,21952,,N,G,B,F,A,H,-,A,A,0,Y,,,,Y,,A,1,0,1,0,0,1,0,0,0,0,- ,- ,37.868938446044900,-122.29087829589800,ALAMEDA,BERKELEY,-122.29116821289100,37.869274139404300
9574239,2023,2023-04-24,103,2023-03-22,1558,112,,3,5,6,103,0,0,0,,0,12,ALLSTON,SACRAMENTO,0.00,,Y,A,-,N,,,,,,,,,,N,3,0,1,2,A,-,12,21453,A,N,D,G,A,A,H,-,A,A,0,,Y,,,Y,,L,4,0,1,0,0,0,0,1,0,0,- ,- ,37.867389678955100,-122.28163909912100,ALAMEDA,BERKELEY,-122.28176116943400,37.867347717285200
9574241,2023,2023-04-21,103,2023-03-30,1725,45,,4,5,6,103,0,0,0,,0,16,CHESTNUT,UNIVERSITY,0.00,,Y,A,-,N,,,,,,,,,,N,3,0,1,2,A,-,17,23110,A,F,G,B,B,A,H,-,A,D,0,Y,,,,Y,,N,60,0,1,0,0,1,0,0,0,0,- ,- ,37.86962890625,-122.28803253173800,ALAMEDA,BERKELEY,-122.28804016113300,37.869686126709000
9574242,2023,2023-04-25,103,2023-03-31,1550,32,,5,5,6,103,0,0,0,,0,14,UNIVERSITY,6TH ST,0.00,,Y,A,-,N,,,,,,,,,,N,4,0,1,2,A,-,3,22350,,N,C,C,A,-,A,H,A,D,0,,,,,Y,,A,1,0,0,1,0,0,0,0,0,0,- ,- ,37.867988586425800,-122.29766082763700,ALAMEDA,BERKELEY,-122.29771423339800,37.867969512939500
9574243,2023,2023-04-21,103,2023-03-29,1350,149,29,3,5,6,103,0,0,0,,0,4,ADDISON,MARTIN LUTHER KING JR,0.00,,Y,C,-,N,,,,,,,,,,N,4,0,1,2,A,-,10,21950,A,N,G,B,B,B,D,-,A,A,0,Y,,,,Y,,A,1,0,0,1,0,1,0,0,0,0,- ,- ,37.870578765869100,-122.27288818359400,ALAMEDA,BERKELEY,-122.27291107177700,37.870567321777300
9574244,2023,2023-04-21,103,2023-03-30,810,85,28,4,5,6,103,0,0,0,,0,6,DWIGHT,ELLSWORTH,0.00,,Y,A,-,N,,,,,,,,,,N,4,0,1,2,A,-,8,22107,,N,B,B,B,A,H,-,-,A,0,Y,,,,Y,,A,1,0,0,1,0,1,0,0,0,0,- ,- ,37.864540100097700,-122.26299285888700,ALAMEDA,BERKELEY,-122.26297760009800,37.864540100097700
9574245,2023,2023-04-25,103,2023-03-21,1725,2,,2,5,6,103,0,0,0,,0,2,ROSE,MARTIN LUTHER KING JR,0.00,,Y,C,G,N,,,,,,,,,,Y,4,0,1,2,A,-,9,21800,D,N,D,C,A,B,G,-,D,B,0,,,,,Y,,A,1,0,0,1,0,0,0,0,0,0,- ,- ,37.881439208984400,-122.27410125732400,ALAMEDA,BERKELEY,-122.27410125732400,37.881439208984400
9574246,2023,2023-04-21,103,2023-03-26,404,56,20,7,5,6,103,0,0,0,,0,15,WEST FRONTAGE,GILMAN,0.00,,Y,A,-,N,,,,,,,,,,Y,3,0,1,1,A,-,1,23152,A,N,E,I,A,A,H,-,C,D,0,,,,,Y,Y,A,1,0,1,0,0,0,0,0,0,0,- ,- ,37.880020141601600,-122.31011962890600,ALAMEDA,BERKELEY,-122.30793762207000,37.878013610839800
9574247,2023,2023-04-25,103,2023-03-21,1130,68,,2,5,6,103,0,0,0,,0,12,SACRAMENTO,DERBY,0.00,,Y,C,-,N,,,,,,,,,,N,3,0,2,2,A,-,9,21802,A,N,D,C,A,B,H,-,A,D,0,,,,,Y,,A,1,0,1,1,0,0,0,0,0,0,- ,- ,37.858940124511700,-122.28044891357400,ALAMEDA,BERKELEY,-122.28025054931600,37.858734130859400
9574248,2023,2023-04-21,103,2023-03-21,1523,S29,29,2,5,6,103,0,0,0,,0,5,MILVIA,DWIGHT,0.00,,Y,C,-,N,,,,,,,,,,N,2,0,1,2,A,-,12,22450,A,N,D,G,A,B,H,-,A,A,0,,Y,,,Y,,L,4,1,0,0,0,0,0,1,0,0,- ,- ,37.863651275634800,-122.26979827880900,ALAMEDA,BERKELEY,-122.26985168457000,37.863639831543000
9574249,2023,2023-04-21,103,2023-03-18,1946,42,4,6,5,6,103,0,0,0,,0,4,UNIVERSITY,GRANT ST,30.00,W,N,A,-,N,,,,,,,,,,N,3,0,2,2,A,-,3,22350,,F,C,C,A,A,H,-,C,D,0,,,,,Y,,A,1,0,2,0,0,0,0,0,0,0,- ,- ,37.871261596679700,-122.27523803710900,ALAMEDA,BERKELEY,-122.27538299560500,37.871315002441400
9574250,2023,2023-04-21,103,2023-03-20,930,42,,1,5,6,103,0,0,0,,0,7,PIEDMONT,CHANNING,0.00,,Y,A,-,N,,,,,,,,,,N,3,0,1,2,A,-,5,21651,B,N,B,J,A,A,G,-,A,D,0,,,,,Y,,M,94,0,1,0,0,0,0,0,0,0,- ,- ,37.867748260498000,-122.25209808349600,ALAMEDA,BERKELEY,-122.25205993652300,37.867706298828100
9574251,2023,2023-04-21,103,2023-03-16,709,104,22,4,5,6,103,0,0,0,,0,12,UNIVERSITY,ACTON,0.00,,Y,A,-,N,,,,,,,,,,N,4,0,1,2,A,-,10,21950,A,N,G,B,B,A,A,H,A,A,0,Y,,,,Y,,A,1,0,0,1,0,1,0,0,0,0,- ,- ,37.870109558105500,-122.28424835205100,ALAMEDA,BERKELEY,-122.28426361084000,37.870182037353500
9574252,2023,2023-04-21,103,2023-03-17,830,73,18,5,5,6,103,0,0,0,,0,3,CEDAR,SACRAMENTO,0.00,,Y,A,-,N,,,,,,,,,,N,3,0,1,2,A,-,10,21950,A,N,G,B,B,A,H,-,A,A,0,Y,,,,Y,,A,1,0,1,0,0,1,0,0,0,0,- ,- ,37.876689910888700,-122.28265380859400,ALAMEDA,BERKELEY,-122.28273773193400,37.876678466796900
9574253,2023,2023-04-25,103,2023-03-09,1903,13,,4,5,6,103,0,0,0,,0,7,ASHBY,COLLEGE,0.00,,Y,C,-,N,,,,,,,,,,Y,2,0,1,2,A,-,9,21801,A,N,A,C,A,B,H,-,C,A,0,,,,,Y,,A,1,1,0,0,0,0,0,0,0,0,- ,- ,37.857040405273400,-122.25303649902300,ALAMEDA,BERKELEY,-122.25305938720700,37.857032775878900
9574254,2023,2023-04-21,103,2023-03-10,1001,26,,5,5,6,103,0,0,0,,0,16,ACTON,UNIVERSITY,0.00,,Y,B,-,N,,,,,,,,,,N,3,0,1,2,A,-,12,21453,A,F,D,G,A,A,H,-,A,A,0,,Y,,,Y,,A,1,0,1,0,0,0,0,1,0,0,- ,- ,37.870109558105500,-122.28424835205100,ALAMEDA,BERKELEY,-122.28426361084000,37.870182037353500
9574255,2023,2023-04-25,103,2023-03-08,1905,145,24,3,5,6,103,0,0,0,,0,4,UNIVERSITY,MARTIN LUTHER KING JR,0.00,,Y,A,-,N,,,,,,,,,,N,3,0,1,2,A,-,3,22350,,F,C,C,A,A,H,-,C,A,0,,,,,Y,,A,1,0,1,0,0,0,0,0,0,0,- ,- ,37.871559143066400,-122.27300262451200,ALAMEDA,BERKELEY,-122.27300262451200,37.871524810791000
9574256,2023,2023-04-21,103,2023-03-09,231,83,20,4,5,6,103,0,0,0,,0,14,UNIVERSITY,MARINA,0.00,,Y,A,-,N,,,,,,,,,,Y,3,0,2,1,A,-,1,23152,A,N,E,J,A,A,H,-,C,D,0,,,,,Y,Y,A,1,0,2,0,0,0,0,0,0,0,- ,- ,37.863838195800800,-122.31349945068400,ALAMEDA,BERKELEY,-122.31118774414100,37.865230560302700
9574257,2023,2023-04-21,103,2023-03-06,2220,121,,1,5,6,103,0,0,0,,0,3,CHANNING,ELLSWORTH,0.00,,Y,C,-,N,,,,,,,,,,N,3,0,1,2,A,-,10,21950,A,N,G,B,B,B,H,-,C,A,0,Y,,,,Y,,A,1,0,1,0,0,1,0,0,0,0,- ,- ,37.867221832275400,-122.26354217529300,ALAMEDA,BERKELEY,-122.26332855224600,37.866310119628900
9574258,2023,2023-04-25,103,2023-03-08,1703,84,,3,5,6,103,0,0,0,,0,15,9TH,GILMAN,0.00,,Y,A,-,N,,,,,,,,,,Y,3,0,2,2,A,-,12,21453,A,N,D,C,A,A,-,-,A,A,0,,,,,Y,,A,1,0,2,0,0,0,0,0,0,0,- ,- ,37.880020141601600,-122.29808044433600,ALAMEDA,BERKELEY,-122.29808807373000,37.880020141601600
9574259,2023,2023-05-31,103,2023-03-04,940,28,,6,5,6,103,0,0,0,,0,2,HEARST,EUCLID,0.00,,Y,A,-,N,,,,,,,,,,N,3,0,1,1,A,-,3,22350,,N,F,-,A,A,H,-,A,A,0,,,Y,,Y,,C,3,0,1,0,0,0,0,0,0,1,- ,- ,37.875080108642600,-122.26013946533200,ALAMEDA,BERKELEY,-122.26013946533200,37.875087738037100
9574260,2023,2023-04-21,103,2023-03-05,1929,29,24,7,5,6,103,0,0,0,,0,2,HEARST,WALNUT ST,32.00,W,N,B,-,N,,,,,,,,,,N,3,0,1,2,A,-,17,22517,,N,D,G,A,A,H,-,C,D,0,,Y,,,Y,,A,1,0,1,0,0,0,0,1,0,0,- ,- ,37.874008178710900,-122.26748657226600,ALAMEDA,BERKELEY,-122.26760864257800,37.873973846435500
9583857,2023,2023-08-15,103,2023-06-04,1218,107,20,7,5,6,103,0,0,0,,0,11,DWIGHT,8TH,0.00,,Y,A,-,N,,,,,,,,,,Y,3,0,3,3,A,-,12,22450,A,N,D,C,A,A,H,-,A,A,0,,,,,Y,,A,1,0,3,0,0,0,0,0,0,0,- ,- ,37.856361389160200,-122.29164123535200,ALAMEDA,BERKELEY,-122.29293823242200,37.860416412353500
9583878,2023,2023-08-14,103,2023-06-24,908,73,37,6,5,6,103,0,0,0,,0,7,ASHBY,PIEDMONT,0.00,,Y,A,-,Y,ALA,4,13,-,-,11.110,I,5,N,N,4,0,1,2,A,-,6,21755,,N,B,C,A,A,H,-,A,D,0,,,,Y,Y,,A,1,0,0,1,0,0,0,0,0,0,- ,- ,37.857719421386700,-122.25068664550800,ALAMEDA,BERKELEY,-122.25074768066400,37.857749938964800
9583879,2023,2023-08-03,103,2023-06-21,1712,122,,3,5,6,103,0,0,0,,0,1,OXFORD,VIRGINIA,0.00,,Y,A,-,N,,,,,,,,,,N,3,0,1,2,A,-,3,22350,,N,C,C,A,A,H,-,A,D,0,,,,,Y,,D,22,0,1,0,0,0,0,0,0,0,- ,- ,37.876350402832000,-122.26627349853500,ALAMEDA,BERKELEY,-122.26666259765600,37.876869201660200
9583881,2023,2023-08-17,103,2023-06-15,1141,145,,4,5,6,103,0,0,0,,0,11,SAN PABLO,ASHBY,0.00,,Y,A,-,N,,,,,,,,,,N,3,0,1,2,A,-,3,22350,,N,C,C,A,A,H,-,A,A,0,,,,,Y,,A,1,0,1,0,0,0,0,0,0,0,- ,- ,37.851711273193400,-122.28655242919900,ALAMEDA,BERKELEY,-122.28660583496100,37.852146148681600
9583882,2023,2023-08-14,103,2023-06-14,947,112,,3,5,6,103,0,0,0,,0,13,RT 123,CAMELIA ST,120.00,N,N,A,-,Y,ALA,4,123,-,-,3.870,H,-,S,N,4,0,1,2,A,-,9,21802,A,N,B,C,A,A,-,-,A,A,0,,,,,Y,,D,22,0,0,1,0,0,0,0,0,0,- ,- ,37.878738403320300,-122.29524230957000,ALAMEDA,BERKELEY,-122.29541778564500,37.87896728515630
9583886,2023,2023-09-14,103,2023-06-08,455,90,,4,5,6,103,0,0,0,,0,12,FRONTAGE,UNIVERSITY AV,600.00,S,N,A,-,N,,,,,,,,,,N,3,0,1,2,A,-,11,21954,A,N,G,B,E,A,H,-,C,D,0,Y,,,,Y,,N,60,0,1,0,0,1,0,0,0,0,- ,- ,37.866439819335900,-122.30555725097700,ALAMEDA,BERKELEY,-122.30422973632800,37.865139007568400
9583887,2023,2023-08-04,103,2023-06-06,1446,112,,2,5,6,103,0,0,0,,0,12,UNIVERSITY,7TH,0.00,,Y,A,-,N,,,,,,,,,,Y,3,0,1,2,A,-,8,22107,,N,B,C,A,A,H,-,A,A,0,,,,Y,Y,,A,7,0,1,0,0,0,0,0,0,0,- ,- ,37.868198394775400,-122.29662322998000,ALAMEDA,BERKELEY,-122.29663848877000,37.868255615234400
9584963,2023,2023-05-25,103,2023-04-08,1641,56,22,6,5,6,103,0,0,0,,0,3,UNIVERSITY,WEST ST,100.00,E,N,A,-,N,,,,,,,,,,N,3,0,1,2,A,-,3,22350,,N,C,C,A,A,H,-,A,A,0,,,,,Y,,I,10,0,1,0,0,0,0,0,0,0,- ,- ,37.86962890625,-122.28803253173800,ALAMEDA,BERKELEY,-122.28617858886700,37.869926452636700
9585030,2023,2023-05-25,103,2023-04-06,1142,7,20,4,5,6,103,0,0,0,,0,13,GILMAN,5TH,0.00,,Y,A,-,N,,,,,,,,,,N,4,0,1,2,A,-,11,21955,,N,G,B,D,A,H,-,A,D,0,Y,,,,Y,,N,60,0,0,1,0,1,0,0,0,0,- ,- ,37.879131317138700,-122.30246734619100,ALAMEDA,BERKELEY,-122.30247497558600,37.879146575927700
9585034,2023,2023-05-25,103,2023-04-06,1225,23,29,4,5,6,103,0,0,0,,0,6,FULTON,BANCROFT,0.00,,Y,A,C,N,,,,,,,,,,N,4,0,1,2,A,-,3,22350,,F,C,E,A,A,F,H,A,A,0,,,,Y,Y,,A,1,0,0,1,0,0,0,0,0,0,- ,- ,37.867271423339800,-122.27024078369100,ALAMEDA,BERKELEY,-122.26593017578100,37.867843627929700
9585204,2023,2023-05-30,103,2023-04-29,1734,149,23,6,5,6,103,0,0,0,,0,3,HEARST,SACRAMENTO ST,30.00,E,N,A,-,N,,,,,,,,,,N,4,0,1,2,A,-,3,22350,,F,C,G,A,A,H,-,A,D,0,,Y,,,Y,,A,1,0,0,1,0,0,0,1,0,0,- ,- ,37.872150421142600,-122.28212738037100,ALAMEDA,BERKELEY,-122.28212738037100,37.872165679931600
9585205,2023,2023-05-30,103,2023-04-29,1317,56,,6,5,6,103,0,0,0,,0,5,SACRAMENTO AV,BANCROFT,0.00,,Y,A,-,N,,,,,,,,,,N,3,0,1,2,A,-,10,21950,A,N,G,B,B,A,H,-,A,A,0,Y,,,,Y,,A,1,0,1,0,0,1,0,0,0,0,- ,- ,37.865821838378900,-122.28147888183600,ALAMEDA,BERKELEY,-122.28157806396500,37.865798950195300
9585206,2023,2023-05-30,103,2023-04-28,1900,149,27,5,5,6,103,0,0,0,,0,7,PIEDMONT AV,BANCROFT,0.00,,Y,A,-,N,,,,,,,,,,N,3,0,1,2,A,-,10,21950,A,N,G,B,B,A,H,-,A,A,0,Y,,,,Y,,A,1,0,1,0,0,1,0,0,0,0,- ,- ,37.869590759277300,-122.25228881835900,ALAMEDA,BERKELEY,-122.2523193359380,37.869586944580100
9585207,2023,2023-05-30,103,2023-04-28,212,140,29,5,5,6,103,0,0,0,,0,4,BANCROFT,SHATTUCK,0.00,,Y,A,-,N,,,,,,,,,,N,2,0,2,2,A,-,1,23152,A,N,D,C,A,A,H,-,C,A,0,,,Y,,Y,Y,C,2,1,1,0,0,0,0,0,0,1,- ,- ,37.867740631103500,-122.26821899414100,ALAMEDA,BERKELEY,-122.26782989502000,37.867591857910200
9585208,2023,2023-05-30,103,2023-04-25,1759,17,,2,5,6,103,0,0,0,,0,7,WARRING,PARKER ST,348.00,N,N,A,-,N,,,,,,,,,,N,4,0,1,2,A,-,8,22107,,N,D,G,A,A,H,-,A,D,0,,Y,,,Y,,A,1,0,0,1,0,0,0,1,0,0,- ,- ,37.865009307861300,-122.25064849853500,ALAMEDA,BERKELEY,-122.25037384033200,37.865081787109400
9585209,2023,2023-05-30,103,2023-04-25,40,38,,2,5,6,103,0,0,0,,0,1,SHASTA,GRIZZLY PEAK BL,65.00,W,N,A,-,N,,,,,,,,,,N,4,0,1,1,A,-,8,22107,,N,E,I,A,A,H,-,C,A,0,,,,,Y,,A,8,0,0,1,0,0,0,0,0,0,- ,- ,37.889759063720700,-122.25247955322300,ALAMEDA,BERKELEY,-122.25237274169900,37.890388488769500
9585210,2023,2023-05-30,103,2023-04-22,2133,109,2601,6,5,6,103,0,0,0,,0,8,DERBY,TELEGRAPH,0.00,,Y,A,-,N,,,,,,,,,,Y,4,0,1,2,A,-,3,22350,,N,F,C,A,A,H,-,C,A,0,,,,,Y,,A,1,0,0,1,0,0,0,0,0,0,- ,- ,37.861400604248000,-122.25894165039100,ALAMEDA,BERKELEY,-122.25894927978500,37.861396789550800
9585211,2023,2023-05-30,103,2023-04-20,1656,112,,4,5,6,103,0,0,0,,0,12,FRONTAGE,UNIVERSITY AV,232.00,S,N,A,-,N,,,,,,,,,,Y,4,0,1,2,A,-,4,21703,,N,C,C,A,A,H,-,A,A,0,,,,,Y,,A,8,0,0,1,0,0,0,0,0,0,- ,- ,37.866439819335900,-122.30555725097700,ALAMEDA,BERKELEY,-122.30522918701200,37.865760803222700
9585212,2023,2023-05-30,103,2023-04-20,903,108,23,4,5,6,103,0,0,0,,0,3,HEARST,GRANT,0.00,,Y,A,-,N,,,,,,,,,,N,3,0,1,2,A,-,10,21950,A,N,G,B,C,-,H,-,A,D,0,Y,,,,Y,,A,7,0,1,0,0,1,0,0,0,0,- ,- ,37.873008728027300,-122.27545166015600,ALAMEDA,BERKELEY,-122.27543640136700,37.872997283935500
9585213,2023,2023-05-30,103,2023-04-18,1212,144,,2,5,6,103,0,0,0,,0,11,7TH,CARLETON,0.00,,Y,A,-,N,,,,,,,,,,N,4,0,1,2,A,-,9,21802,A,F,D,C,A,A,H,-,-,A,0,,,,,Y,,A,1,0,0,1,0,0,0,0,0,0,- ,- ,,,ALAMEDA,BERKELEY,-122.29300689697300,37.856941223144500
9585214,2023,2023-05-30,103,2023-04-18,610,118,,2,5,6,103,0,0,0,,0,5,BLAKE,MCGEE AV,75.00,E,N,A,-,N,,,,,,,,,,,4,0,1,2,A,-,21,22106,,N,D,C,A,A,H,-,B,D,0,,,,,Y,,A,1,0,0,1,0,0,0,0,0,0,- ,- ,37.862178802490200,-122.27407836914100,ALAMEDA,BERKELEY,-122.27605438232400,37.861968994140600
9585215,2023,2023-05-30,103,2023-04-13,1840,75,,4,5,6,103,0,0,0,,0,5,BANCROFT,GRANT,0.00,,Y,A,-,N,,,,,,,,,,N,2,0,1,2,A,-,10,21950,A,N,G,B,B,A,H,-,A,A,0,Y,,,,Y,,A,1,1,0,0,0,1,0,0,0,0,- ,- ,,,ALAMEDA,BERKELEY,-122.2747802734380,37.866680145263700
9585216,2023,2023-05-30,103,2023-04-15,28,55,28,6,5,6,103,0,0,0,,0,6,DURANT,TELEGRAPH,0.00,,Y,A,-,N,,,,,,,,,,N,3,0,1,2,A,-,10,21950,A,N,A,B,B,A,H,-,C,A,0,Y,,,,Y,Y,A,1,0,1,0,0,1,0,0,0,0,- ,- ,37.863838195800800,-122.29238128662100,ALAMEDA,BERKELEY,-122.25901794433600,37.867805480957000
9585217,2023,2023-05-30,103,2023-04-14,1949,55,28,5,5,6,103,0,0,0,,0,6,DWIGHT,DANA ST,0.00,,Y,A,-,N,,,,,,,,,,Y,3,0,2,3,A,-,3,22350,,N,C,C,A,A,H,-,C,A,0,,,,,Y,,A,1,0,2,0,0,0,0,0,0,0,- ,- ,37.864830017089800,-122.26071929931600,ALAMEDA,BERKELEY,-122.26071929931600,37.864818572998000
9585218,2023,2023-05-30,103,2023-04-13,1812,144,,4,5,6,103,0,0,0,,0,2,HEARST,SHATTUCK,0.00,,Y,A,-,N,,,,,,,,,,N,3,0,1,2,A,-,9,21801,A,N,A,G,A,A,H,-,A,A,0,,Y,,,Y,,A,1,0,1,0,0,0,0,1,0,0,- ,- ,,,ALAMEDA,BERKELEY,-122.26860046386700,37.873836517334000
9585219,2023,2023-05-30,103,2023-04-13,1602,42,,4,5,6,103,0,0,0,,0,12,MARINA,SPINNAKER WY,460.00,S,N,A,-,N,,,,,,,,,,N,3,0,1,2,A,-,9,21801,A,N,D,C,A,A,H,-,A,D,0,,,,,Y,,A,1,0,1,0,0,0,0,0,0,0,- ,- ,37.866100311279300,-122.31230163574200,ALAMEDA,BERKELEY,-122.31371307373000,37.869522094726600
9585220,2023,2023-05-30,103,2023-04-12,1648,81,,3,5,6,103,0,0,0,,0,8,SHATTUCK,CARLETON,0.00,,Y,A,-,N,,,,,,,,,,N,4,0,2,2,A,-,3,22350,,N,C,E,A,A,H,-,A,A,0,,,,,Y,,A,1,0,0,2,0,0,0,0,0,0,- ,- ,37.861068725585900,-122.26641845703100,ALAMEDA,BERKELEY,-122.26712036132800,37.861255645752000
9585221,2023,2023-06-07,103,2023-04-12,1450,S29,,3,5,6,103,0,0,0,,0,13,GILMAN AV,10TH ST,124.00,W,N,A,-,N,,,,,,,,,,N,3,0,1,1,A,-,17,21663,,N,H,J,A,A,A,-,A,A,0,,Y,,,Y,,L,4,0,1,0,0,0,0,1,0,0,- ,- ,,,ALAMEDA,BERKELEY,-122.29738616943400,37.880165100097700
9585222,2023,2023-06-06,103,2023-04-10,2201,32,,1,5,6,103,0,0,0,,0,9,ADELINE AV,STANFORD,0.00,,Y,A,-,N,,,,,,,,,,N,4,0,1,2,A,-,3,22350,,N,C,C,A,A,H,-,C,A,0,,,,,Y,,A,7,0,0,1,0,0,0,0,0,0,- ,- ,37.847259521484400,-122.27174377441400,ALAMEDA,BERKELEY,-122.27252960205100,37.846736907959000
9585223,2023,2023-06-15,103,2023-04-09,2116,29,13,7,5,6,103,0,0,0,,0,1,COLUSA,THOUSAND OAKS,0.00,,Y,A,-,N,,,,,,,,,,N,4,0,1,2,A,-,1,23152,A,N,D,C,A,A,H,-,C,A,0,,,,,Y,Y,A,1,0,0,1,0,0,0,0,0,0,- ,- ,37.896541595459000,-122.28523254394500,ALAMEDA,BERKELEY,-122.28520965576200,37.896514892578100
9585224,2023,2023-06-06,103,2023-04-09,1720,23,31,7,5,6,103,0,0,0,,0,5,BONAR ST,BANCROFT,0.00,,Y,A,-,N,,,,,,,,,,Y,3,0,1,2,A,-,1,23153,A,N,E,E,A,A,H,-,A,A,0,,,,,Y,Y,A,1,0,1,0,0,0,0,0,0,0,- ,- ,,,ALAMEDA,BERKELEY,-122.28656768798800,37.865161895752000
9585225,2023,2023-06-06,103,2023-04-09,1505,56,22,7,5,6,103,0,0,0,,0,3,UNIVERSITY,ACTON CIR,0.00,,Y,A,-,N,,,,,,,,,,Y,2,0,2,2,A,-,12,21453,A,N,D,C,A,A,H,-,A,A,0,,,,,Y,,A,1,1,1,0,0,0,0,0,0,0,- ,- ,37.870109558105500,-122.28441619873000,ALAMEDA,BERKELEY,-122.28426361084000,37.870182037353500
9585226,2023,2023-06-15,103,2023-04-08,1251,124,29,6,5,6,103,0,0,0,,0,4,CENTER,SHATTUCK,0.00,,Y,A,-,N,,,,,,,,,,N,3,0,1,2,A,-,10,21950,A,N,G,B,B,A,H,-,A,A,0,Y,,,,Y,,A,1,0,1,0,0,1,0,0,0,0,- ,- ,37.87030029296880,-122.26804351806600,ALAMEDA,BERKELEY,-122.26805114746100,37.870315551757800
9585227,2023,2023-06-15,103,2023-04-08,322,19,20,6,5,6,103,0,0,0,,0,11,BOLIVAR,POTTER ST,187.00,N,N,A,-,N,,,,,,,,,,Y,2,0,1,1,A,-,1,23152,A,N,F,-,A,A,H,-,D,D,0,,,,,Y,Y,A,1,1,0,0,0,0,0,0,0,0,- ,- ,37.85321044921880,-122.29714202880900,ALAMEDA,BERKELEY,-122.29620361328100,37.851005554199200
9585228,2023,2023-06-08,103,2023-04-06,2343,90,,4,5,6,103,0,0,0,,0,12,SEAWALL,UNIVERSITY AV,150.00,S,N,A,-,N,,,,,,,,,,N,3,0,1,2,A,-,11,21954,A,N,G,B,D,A,H,-,D,D,0,Y,,,,Y,Y,N,60,0,1,0,0,1,0,0,0,0,- ,- ,37.863079071044900,-122.31726837158200,ALAMEDA,BERKELEY,-122.31717681884800,37.862693786621100
9585229,2023,2023-06-06,103,2023-04-03,1620,30,,1,5,6,103,0,0,0,,0,10,SHATTUCK,VIRGINIA,0.00,,Y,A,-,N,,,,,,,,,,N,4,0,1,2,A,-,6,21951,,N,D,C,A,A,H,-,A,D,0,,,,,Y,,A,1,0,0,1,0,0,0,0,0,0,- ,- ,37.876598358154300,-122.26889801025400,ALAMEDA,BERKELEY,-122.26894378662100,37.876590728759800
9585230,2023,2023-06-06,103,2023-04-02,1507,107,29,7,5,6,103,0,0,0,,0,5,MARTIN LUTHER KING JR,CHANNING ST,0.00,,Y,A,-,N,,,,,,,,,,Y,3,0,3,2,A,-,9,21801,A,N,D,C,A,A,H,-,A,A,0,,,,,Y,Y,A,1,0,3,0,0,0,0,0,0,0,- ,- ,37.865169525146500,-122.27230834960900,ALAMEDA,BERKELEY,-122.27230834960900,37.865169525146500
9585231,2023,2023-06-06,103,2023-04-02,1707,56,24,7,5,6,103,0,0,0,,0,2,HEARST AV,MARTIN LUTHER KING JR,0.00,,Y,A,-,N,,,,,,,,,,N,3,0,1,2,A,-,3,22350,,N,C,C,A,A,H,-,A,A,0,,,,,Y,,A,1,0,1,0,0,0,0,0,0,0,- ,- ,37.873298645019500,-122.27320098877000,ALAMEDA,BERKELEY,-122.27320098877000,37.873332977294900
9585232,2023,2023-06-15,103,2023-04-01,1730,61,29,6,5,6,103,0,0,0,,0,5,MARTIN LUTHER KING JR WY,HASTE,0.00,,Y,A,-,N,,,,,,,,,,Y,3,0,1,2,A,-,12,21453,A,N,D,C,A,A,H,-,A,A,0,,,,,Y,,A,1,0,1,0,0,0,0,0,0,0,- ,- ,37.864261627197300,-122.27220916748000,ALAMEDA,BERKELEY,-122.27220916748000,37.864269256591800
9585679,2023,2023-05-30,103,2023-03-17,1040,15,,5,5,6,103,0,0,0,,0,5,MARTIN LUTHER KING JR,ALLSTON,0.00,,Y,A,-,N,,,,,,,,,,N,3,0,1,2,A,-,10,21950,A,F,G,B,B,A,H,-,A,A,0,Y,,,,Y,,A,1,0,1,0,0,1,0,0,0,0,- ,- ,37.868770599365200,-122.27269744873000,ALAMEDA,BERKELEY,-122.27268218994100,37.868770599365200
9585924,2023,2023-05-30,103,2023-02-11,1645,702,,6,5,6,103,0,0,0,,0,12,ACTON,BLAKE,0.00,,Y,A,-,N,,,,,,,,,,N,4,0,1,2,A,-,7,21658,A,M,C,G,A,A,H,-,A,D,0,,Y,,,Y,Y,-,,0,0,1,0,0,0,1,0,0,- ,- ,37.861049652099600,-122.28305053710900,ALAMEDA,BERKELEY,-122.28310394287100,37.86102294921880
9586069,2023,2023-05-30,103,2023-03-29,1800,121,,3,5,6,103,0,0,0,,0,6,BANCROFT,TELEGRAPH,0.00,,Y,A,-,N,,,,,,,,,,N,3,0,1,2,A,-,3,22350,,N,C,J,A,A,H,-,A,A,0,,,,,Y,,M,93,0,1,0,0,0,0,0,0,0,- ,- ,37.868698120117200,-122.25914764404300,ALAMEDA,BERKELEY,-122.25920867919900,37.868732452392600
9594779,2023,2023-07-07,103,2023-05-30,1610,112,,2,5,6,103,0,0,0,,0,2,UNIVERSITY,MILVIA,0.00,,Y,A,-,N,,,,,,,,,,N,4,0,1,2,A,-,10,21950,A,F,G,B,B,A,H,-,A,A,0,Y,,,,Y,Y,A,7,0,0,1,0,1,0,0,0,0,- ,- ,37.871849060058600,-122.27072143554700,ALAMEDA,BERKELEY,-122.27075958252000,37.871902465820300
9594780,2023,2023-08-18,103,2023-05-30,840,101,,2,5,6,103,0,0,0,,0,13,6TH,PAGE,0.00,,Y,A,-,N,,,,,,,,,,Y,3,0,1,2,A,-,12,22450,A,F,D,C,A,A,H,-,A,A,0,,,,,Y,,A,7,0,1,0,0,0,0,0,0,0,- ,- ,,,ALAMEDA,BERKELEY,-122.30039978027300,37.876426696777300
9594781,2023,2023-07-11,103,2023-05-29,2340,46,,1,5,6,103,0,0,0,,0,9,ALCATRAZ,SACRAMENTO AV,0.00,,Y,A,-,N,,,,,,,,,,Y,3,0,3,3,A,-,12,21453,A,F,D,C,A,A,H,-,C,A,0,,,,,Y,,A,1,0,3,0,0,0,0,0,0,0,- ,- ,37.847900390625,-122.27774047851600,ALAMEDA,BERKELEY,-122.27783966064500,37.847915649414100
9594782,2023,2023-07-11,103,2023-05-28,2053,120,34,7,5,6,103,0,0,0,,0,10,SACRAMENTO AV,STUART ST,0.00,,Y,B,-,N,,,,,,,,,,N,2,0,1,2,A,-,5,21650,,N,A,G,A,A,H,-,C,D,0,,Y,,,Y,,L,4,1,0,0,0,0,0,1,0,0,- ,- ,37.856918334960900,-122.27979278564500,ALAMEDA,BERKELEY,-122.27986145019500,37.85693359375
9594783,2023,2023-07-11,103,2023-05-28,1300,28,,7,5,6,103,0,0,0,,0,1,HAWTHORNE AV,VINE ST,0.00,,Y,B,-,N,,,,,,,,,,N,2,0,1,1,A,-,3,22350,,N,E,I,A,A,H,-,A,A,0,,Y,,,Y,,L,4,1,0,0,0,0,0,1,0,0,- ,- ,37.881439208984400,-122.2628173828130,ALAMEDA,BERKELEY,-122.26258850097700,37.881088256835900
9594784,2023,2023-07-11,103,2023-05-24,2115,32,,3,5,6,103,0,0,0,,0,5,BANCROFT WY,CURTIS,0.00,,Y,A,-,N,,,,,,,,,,N,4,0,1,2,A,-,8,22100,A,N,D,C,A,A,H,-,C,A,0,,,,,Y,,A,1,0,0,1,0,0,0,0,0,0,- ,- ,37.865161895752000,-122.28656005859400,ALAMEDA,BERKELEY,-122.28861236572300,37.864891052246100
9594785,2023,2023-07-11,103,2023-05-23,1422,42,,2,5,6,103,0,0,0,,0,13,8TH AV,CEDAR AV,0.00,,Y,A,-,N,,,,,,,,,,Y,3,0,1,2,A,-,9,21802,A,N,B,C,A,A,H,-,A,A,0,,,,,Y,,A,1,0,1,0,0,0,0,0,0,0,- ,- ,37.874519348144500,-122.29747772216800,ALAMEDA,BERKELEY,-124.10287475585900,41.037811279296900
9594786,2023,2023-07-11,103,2023-05-22,1424,144,,1,5,6,103,0,0,0,,0,13,GILMAN AV,6TH AV,0.00,,Y,A,-,N,,,,,,,,,,Y,2,0,4,3,A,-,1,23152,A,N,D,C,A,A,H,-,A,A,0,,,,,Y,Y,A,1,2,2,0,0,0,0,0,0,0,- ,- ,,,ALAMEDA,BERKELEY,-122.30135345459000,37.879360198974600
9594787,2023,2023-07-11,103,2023-05-21,1550,150,,7,5,6,103,0,0,0,,0,6,HASTE AV,SHATTUCK AV,0.00,,Y,A,-,N,,,,,,,,,,Y,3,0,1,2,A,-,12,21453,A,N,D,C,A,A,H,-,A,A,0,,,,,Y,,A,1,0,1,0,0,0,0,0,0,0,- ,- ,37.8648681640625,-122.26747131347700,ALAMEDA,BERKELEY,-122.26750946044900,37.864879608154300
9594788,2023,2023-07-11,103,2023-05-21,1034,150,,7,5,6,103,0,0,0,,0,5,ALLSTON ST,ROOSEVELT AV,113.00,W,N,A,-,N,,,,,,,,,,N,3,0,1,1,A,-,3,22350,,N,H,D,A,A,H,-,A,D,0,,Y,,,Y,,L,4,0,1,0,0,0,0,1,0,0,- ,- ,37.868438720703100,-122.27662658691400,ALAMEDA,BERKELEY,-122.27647399902300,37.868305206298800
9594789,2023,2023-07-11,103,2023-05-19,1750,56,,5,5,6,103,0,0,0,,0,3,UNIVERSITY,JEFFERSON AV,0.00,,Y,A,-,N,,,,,,,,,,N,4,0,1,2,A,-,8,22107,,N,B,C,A,A,H,-,A,D,0,,,,,Y,,A,1,0,0,1,0,0,0,0,0,0,- ,- ,37.870838165283200,-122.27854919433600,ALAMEDA,BERKELEY,-122.27854919433600,37.87091064453130
9594790,2023,2023-07-11,103,2023-05-19,1202,112,,5,5,6,103,0,0,0,,0,4,SHATTUCK AV,CENTER AV,0.00,,Y,A,-,N,,,,,,,,,,N,4,0,1,2,A,-,9,21801,A,N,D,G,A,A,H,-,A,A,0,,Y,,,Y,,A,7,0,0,1,0,0,0,1,0,0,- ,- ,37.87030029296880,-122.26804351806600,ALAMEDA,BERKELEY,-122.26805114746100,37.870315551757800
9594791,2023,2023-07-11,103,2023-05-16,1255,42,,2,5,6,103,0,0,0,,0,2,COLUSA AV,SOLANO AV,190.00,S,N,A,-,N,,,,,,,,,,Y,3,0,1,1,A,-,3,22350,,N,E,I,A,A,H,-,A,D,0,,,,,Y,,A,1,0,1,0,0,0,0,0,0,0,- ,- ,37.891349792480500,-122.27986145019500,ALAMEDA,BERKELEY,-122.27984619140600,37.891338348388700
9594792,2023,2023-07-13,103,2023-05-15,1333,112,,1,5,6,103,0,0,0,,0,7,PROSPECT AV,CHANNING WY,230.00,N,N,A,-,N,,,,,,,,,,N,2,0,1,2,A,-,3,22350,,N,B,E,A,A,H,-,A,A,0,,Y,,,Y,,L,4,1,0,0,0,0,0,1,0,0,- ,- ,37.868900299072300,-122.24984741210900,ALAMEDA,BERKELEY,-122.25004577636700,37.868656158447300
9594793,2023,2023-07-11,103,2023-05-14,1410,20,22,7,5,6,103,0,0,0,,0,3,UNIVERSITY,CURTIS,0.00,,Y,A,-,N,,,,,,,,,,Y,3,0,1,2,A,-,7,21658,A,N,F,E,A,A,H,-,A,D,0,,,,,Y,,A,1,0,1,0,0,0,0,0,0,0,- ,- ,37.869438171386700,-122.28952026367200,ALAMEDA,BERKELEY,-122.28952789306600,37.869388580322300
9594794,2023,2023-07-11,103,2023-05-13,2109,29,23,6,5,6,103,0,0,0,,0,2,LINCOLN AV,MCGEE AV,164.00,W,N,A,-,N,,,,,,,,,,Y,3,0,1,2,A,-,7,21658,A,N,C,E,A,A,H,-,C,D,0,,,,,Y,Y,A,1,0,1,0,0,0,0,0,0,0,- ,- ,37.876338958740200,-122.27812957763700,ALAMEDA,BERKELEY,-122.27867126464800,37.876258850097700
9594795,2023,2023-07-11,103,2023-05-10,1227,112,,3,5,6,103,0,0,0,,0,2,MARTIN LUTHER KING JR WY,VINE CT,0.00,,Y,A,-,N,,,,,,,,,,Y,3,0,2,1,A,-,9,21801,A,N,E,I,A,A,H,-,A,A,0,,,,,Y,,A,1,0,2,0,0,0,0,0,0,0,- ,- ,37.879631042480500,-122.27388763427700,ALAMEDA,BERKELEY,-122.27390289306600,37.879631042480500
9594796,2023,2023-07-11,103,2023-05-13,1300,150,,6,5,6,103,0,0,0,,0,4,HEARST AV,BONITA AV,0.00,,Y,A,-,N,,,,,,,,,,N,3,0,1,2,A,-,8,22107,,N,B,G,A,A,H,-,A,D,0,,Y,,,Y,,A,1,0,1,0,0,0,0,1,0,0,- ,- ,37.873458862304700,-122.27207183837900,ALAMEDA,BERKELEY,-122.27212524414100,37.873432159423800
9594797,2023,2023-07-11,103,2023-05-09,1930,75,,2,5,6,103,0,0,0,,0,9,ADELINE AV,HARMON AV,0.00,,Y,A,-,N,,,,,,,,,,Y,3,0,2,2,A,-,3,22350,,N,C,C,A,A,H,-,A,A,0,,,,,Y,,A,8,0,2,0,0,0,0,0,0,0,- ,- ,,,ALAMEDA,BERKELEY,-122.27114868164100,37.84967041015630
9594798,2023,2023-07-11,103,2023-05-08,1212,112,,1,5,6,103,0,0,0,,0,2,HEARST AV,LEROY AV,146.00,E,N,A,-,N,,,,,,,,,,N,2,0,1,1,A,-,3,22350,,N,E,I,A,A,H,-,A,A,0,,,,,Y,,M,94,1,0,0,0,0,0,0,0,0,- ,- ,37.875320434570300,-122.25830078125,ALAMEDA,BERKELEY,-122.25778198242200,37.87542724609380
9594799,2023,2023-07-11,103,2023-05-08,1207,S29,27,1,5,6,103,0,0,0,,0,7,CHANNING ST,COLLEGE AV,0.00,,Y,A,-,N,,,,,,,,,,N,4,0,1,2,A,-,21,22106,,N,C,C,A,A,H,-,A,A,0,,,,,Y,,A,1,0,0,1,0,0,0,0,0,0,- ,- ,,,ALAMEDA,BERKELEY,-122.25428771972700,37.867481231689500
9594800,2023,2023-07-11,103,2023-05-07,1223,150,,7,5,6,103,0,0,0,,0,6,HILLEGASS AV,DWIGHT WY,0.00,,Y,A,-,N,,,,,,,,,,N,3,0,1,3,A,-,10,21950,A,N,G,B,B,A,H,-,A,A,0,Y,,,,Y,,A,1,0,1,0,0,1,0,0,0,0,- ,- ,37.865379333496100,-122.25665283203100,ALAMEDA,BERKELEY,-122.25649261474600,37.865375518798800
9594801,2023,2023-07-07,103,2023-05-05,2245,52,,5,5,6,103,0,0,0,,0,6,CHANNING,CHANNING 2510,0.00,,Y,C,-,N,,,,,,,,,,N,3,0,1,1,A,-,3,22350,,N,H,I,A,B,H,-,C,D,0,,,,,Y,Y,M,94,0,1,0,0,0,0,0,0,0,- ,- ,37.866729736328100,-122.25827026367200,ALAMEDA,BERKELEY,-122.258357,37.866967000000000
9594802,2023,2023-07-07,103,2023-05-05,1459,4,21,5,5,6,103,0,0,0,,0,12,6TH ST,6TH ST 1730,0.00,,Y,A,-,N,,,,,,,,,,N,3,0,1,3,A,-,3,22350,,N,D,E,A,A,H,-,A,D,0,,,,,Y,,A,1,0,1,0,0,0,0,0,0,0,- ,- ,37.871200561523400,-122.29842376709000,ALAMEDA,BERKELEY,-122.298725,37.871243
9594803,2023,2023-07-07,103,2023-05-03,1543,17,,3,5,6,103,0,0,0,,0,7,COLLEGE AV,DWIGHT WY,212.00,S,N,B,-,N,,,,,,,,,,Y,4,0,2,3,A,-,9,21804,A,N,D,C,A,B,H,-,A,D,0,,,,,Y,,A,1,0,0,2,0,0,0,0,0,0,- ,- ,37.865100860595700,-122.25420379638700,ALAMEDA,BERKELEY,-122.25384521484400,37.865108489990200
9594804,2023,2023-07-07,103,2023-05-03,750,118,,3,5,6,103,0,0,0,,0,8,COLLEGE AV,WOOLSEY ST,0.00,,Y,C,-,N,,,,,,,,,,N,3,0,1,2,A,-,9,21802,A,N,D,C,A,B,H,-,A,A,0,,,,,Y,,A,1,0,1,0,0,0,0,0,0,0,- ,- ,37.853900909423800,-122.25273132324200,ALAMEDA,BERKELEY,-122.25273895263700,37.8538818359375
9594805,2023,2023-07-07,103,2023-05-03,325,38,,3,5,6,103,0,0,0,,0,2,MONTEREY AV,HOPKINS ST,528.00,N,N,C,-,N,,,,,,,,,,Y,3,0,1,3,A,-,3,22350,,N,D,E,A,B,H,-,C,D,0,,,,,Y,,A,1,0,1,0,0,0,0,0,0,0,- ,- ,37.882808685302700,-122.2816162109380,ALAMEDA,BERKELEY,-122.28185272216800,37.882991790771500
9594806,2023,2023-07-07,103,2023-05-02,1630,45,,2,5,6,103,0,0,0,,0,13,10TH ST,GILMAN AV,100.00,N,N,C,-,N,,,,,,,,,,N,4,0,1,2,A,-,9,21801,A,N,D,C,A,B,H,-,A,D,0,,,,,Y,,A,1,0,0,1,0,0,0,0,0,0,- ,- ,37.880809783935500,-122.29769134521500,ALAMEDA,BERKELEY,-122.29705810546900,37.880516052246100
9595234,2023,2023-08-18,103,2023-05-03,1705,144,,3,5,6,103,0,0,0,,0,9,MARTIN LUTHER KING JR,WOOLSEY ST,30.00,N,N,B,-,N,,,,,,,,,,Y,2,0,4,4,A,-,8,22107,,N,C,C,A,A,H,-,A,D,0,,,,,Y,,A,1,1,3,0,0,0,0,0,0,0,- ,- ,,,ALAMEDA,BERKELEY,-122.27076721191400,37.851680755615200
9595247,2023,2023-08-14,103,2023-05-30,1335,107,15,2,5,6,103,0,0,0,,0,1,TWAIN,STERLING AV,55.00,W,N,A,-,N,,,,,,,,,,Y,3,0,1,1,C,-,18,,,N,F,I,A,A,H,-,A,A,0,,,,,Y,,-,- ,0,1,0,0,0,0,0,0,0,- ,- ,37.890480041503900,-122.25756072998000,ALAMEDA,BERKELEY,-122.25679779052700,37.890464782714800
9596111,2023,2023-07-21,103,2023-05-01,1132,118,,1,5,6,103,0,0,0,,0,8,ASHBY,DEAKIN ST,150.00,E,N,C,-,Y,ALA,4,13,-,-,1.730,H,-,N,N,3,0,1,3,A,-,4,21703,,N,C,C,A,-,H,-,A,A,0,,,,,Y,,A,1,0,1,0,0,0,0,0,0,0,- ,- ,,,ALAMEDA,BERKELEY,-122.26186370849600,37.855915069580100
9596115,2023,2023-07-21,103,2023-05-09,1405,75,,2,5,6,103,0,0,0,,0,10,ASHBY,CALIFORNIA,0.00,,Y,A,-,Y,ALA,4,13,-,-,12.630,H,-,S,N,4,0,1,2,A,-,5,21650,,F,B,C,A,A,H,-,A,D,0,,,,,Y,,A,1,0,0,1,0,0,0,0,0,0,- ,- ,,,ALAMEDA,BERKELEY,-122.27675628662100,37.853588104248000
9596119,2023,2023-07-21,103,2023-05-12,300,46,,5,5,6,103,0,0,0,,0,8,SHATTUCK,RT 13,0.00,,Y,A,-,Y,ALA,4,13,-,-,12.058,I,5,S,Y,3,0,1,2,A,-,12,21457,A,N,D,C,A,A,H,-,C,A,0,,,,,Y,,A,1,0,1,0,0,0,0,0,0,0,- ,- ,37.855300903320300,-122.26648712158200,ALAMEDA,BERKELEY,-122.26652526855500,37.855300903320300
9596123,2023,2023-07-21,103,2023-05-12,1135,S34,24,5,5,6,103,0,0,0,,0,11,SAN PABLO,PARKER,0.00,,Y,A,-,Y,ALA,4,123,-,-,2.450,I,5,S,Y,3,0,2,3,A,-,7,21658,A,N,D,C,A,-,H,-,A,A,0,,,,,Y,,A,1,0,2,0,0,0,0,0,0,0,- ,- ,37.859359741210900,-122.28898620605500,ALAMEDA,BERKELEY,-122.28909301757800,37.859355926513700
9596127,2023,2023-07-21,103,2023-05-13,1036,26,,6,5,6,103,0,0,0,,0,11,SAN PABLO,PARKER,0.00,,Y,A,-,Y,ALA,4,123,-,-,2.450,I,5,S,,3,0,1,2,A,-,12,21453,A,F,D,G,A,A,H,-,A,A,0,,Y,,,Y,,L,4,0,1,0,0,0,0,1,0,0,- ,- ,37.859359741210900,-122.28898620605500,ALAMEDA,BERKELEY,-122.28909301757800,37.859355926513700
9596131,2023,2023-07-21,103,2023-05-26,1507,121,,5,5,6,103,0,0,0,,0,10,ASHBY,SACRAMENTO ST,0.00,,Y,A,-,Y,ALA,4,13,-,-,12.790,H,-,S,N,4,0,2,3,A,-,8,22107,,N,B,C,A,A,H,-,A,A,0,,,,,Y,,A,1,0,0,2,0,0,0,0,0,0,- ,- ,37.853279113769500,-122.27900695800800,ALAMEDA,BERKELEY,-122.27952575683600,37.853267669677700
9596278,2023,2023-07-19,103,2023-04-27,2325,125,,4,5,6,103,0,0,0,,0,7,COLLEGE,RUSSELL AV,0.00,,Y,A,-,N,,,,,,,,,,Y,3,0,1,2,A,-,3,22350,,F,C,C,A,A,H,-,C,A,0,,,,,Y,,A,1,0,1,0,0,0,0,0,0,0,- ,- ,37.862461090087900,-122.25042724609400,ALAMEDA,BERKELEY,-122.25318908691400,37.858489990234400
9596279,2023,2023-07-10,103,2023-04-21,1345,69,,5,5,6,103,0,0,0,,0,3,UNIVERSITY,MCGEE,0.00,,Y,A,-,N,,,,,,,,,,Y,3,0,1,2,A,-,9,21802,A,N,D,C,A,A,H,-,A,A,0,,,,,Y,,A,1,0,1,0,0,0,0,0,0,0,- ,- ,37.8709716796875,-122.27749633789100,ALAMEDA,BERKELEY,-122.27751922607400,37.871036529541000
9599933,2023,2023-08-02,103,2023-06-02,910,148,29,5,5,6,103,0,0,0,,0,6,BANCROFT,FULTON,0.00,,Y,A,-,N,,,,,,,,,,N,3,0,1,2,A,-,11,21954,A,N,G,B,E,A,D,-,A,A,0,Y,,,,Y,,N,60,0,1,0,0,1,0,0,0,0,- ,- ,37.867828369140600,-122.26595306396500,ALAMEDA,BERKELEY,-122.26593017578100,37.867843627929700
9599949,2023,2023-08-02,103,2023-06-30,1639,6,3901,5,5,6,103,0,0,0,,0,9,ADELINE,HARMON,0.00,,Y,A,-,N,,,,,,,,,,Y,4,0,1,2,A,-,9,21802,A,N,B,C,A,A,H,-,A,A,0,,,,,Y,,A,1,0,0,1,0,0,0,0,0,0,- ,- ,37.84967041015630,-122.27105712890600,ALAMEDA,BERKELEY,-122.27114868164100,37.84967041015630
9599950,2023,2023-08-02,103,2023-06-30,1145,121,,5,5,6,103,0,0,0,,0,11,SAN PABLO,BANCROFT,0.00,,Y,A,-,N,,,,,,,,,,Y,3,0,1,2,A,-,10,21950,A,N,G,B,B,A,H,-,A,A,0,Y,,,,Y,,A,1,0,1,0,0,1,0,0,0,0,- ,- ,37.864620208740200,-122.29067230224600,ALAMEDA,BERKELEY,-122.29064178466800,37.864620208740200
9599951,2023,2023-08-02,103,2023-06-29,904,112,,4,5,6,103,0,0,0,,0,6,SHATTUCK,HASTE,0.00,,Y,A,-,N,,,,,,,,,,N,3,0,2,2,A,-,12,21453,A,N,D,C,A,A,H,-,A,A,0,,,,,Y,,A,1,0,2,0,0,0,0,0,0,0,- ,- ,37.864879608154300,-122.26747131347700,ALAMEDA,BERKELEY,-122.26750946044900,37.864879608154300
9599952,2023,2023-08-02,103,2023-06-27,1110,112,,2,5,6,103,0,0,0,,0,4,ADDISON,SAN PABLO AV,12.00,E,N,A,-,N,,,,,,,,,,Y,3,0,1,1,A,-,8,22107,,N,E,I,A,A,H,-,A,A,0,,,,,Y,,A,1,0,1,0,0,0,0,0,0,0,- ,- ,37.868148803710900,-122.29180908203100,ALAMEDA,BERKELEY,-122.29174041748000,37.868156433105500
9599953,2023,2023-08-02,103,2023-06-23,1241,77,,5,5,6,103,0,0,0,,0,4,UNIVERSITY,BONITA,0.00,,Y,B,-,N,,,,,,,,,,N,3,0,1,2,A,-,21,22106,,N,G,B,B,A,H,-,A,D,0,Y,,,,Y,,A,1,0,1,0,0,1,0,0,0,0,- ,- ,37.871700286865200,-122.27187347412100,ALAMEDA,BERKELEY,-122.27189636230500,37.871749877929700
9599954,2023,2023-08-02,103,2023-06-22,2215,70,,4,5,6,103,0,0,0,,0,8,SHATTUCK,CARLETON ST,144.00,S,N,A,-,N,,,,,,,,,,Y,3,0,1,1,A,-,8,22107,,N,E,I,A,A,H,-,C,A,0,,,,,Y,,A,1,0,1,0,0,0,0,0,0,0,- ,- ,37.860958099365200,-122.26743316650400,ALAMEDA,BERKELEY,-122.26708221435500,37.860855102539100
9599955,2023,2023-08-09,103,2023-06-20,1511,145,,2,5,6,103,0,0,0,,0,4,HEARST,OXFORD,0.00,,Y,A,-,N,,,,,,,,,,Y,3,0,1,2,A,-,9,21801,A,N,D,C,A,A,C,-,A,A,0,,,,,Y,,A,1,0,1,0,0,0,0,0,0,0,- ,- ,37.874149322509800,-122.26628875732400,ALAMEDA,BERKELEY,-122.26634979248000,37.874160766601600
9599956,2023,2023-08-02,103,2023-06-16,2317,80,26,5,5,6,103,0,0,0,,0,4,UNIVERSITY,OXFORD,0.00,,Y,A,-,N,,,,,,,,,,Y,3,0,2,2,A,-,1,23153,A,N,D,C,A,A,H,-,C,A,0,,,,,Y,Y,A,1,0,1,1,0,0,0,0,0,0,- ,- ,37.872451782226600,-122.26608276367200,ALAMEDA,BERKELEY,-122.26616668701200,37.872486114502000
9599981,2023,2023-08-16,103,2023-06-16,1517,20,20,5,5,6,103,0,0,0,,0,12,ADDISON,6TH,0.00,,Y,A,-,N,,,,,,,,,,Y,4,0,3,2,A,-,9,21802,A,N,D,C,A,A,H,-,A,D,0,,,,,Y,,D,22,0,0,3,0,0,0,0,0,0,- ,- ,37.866710662841800,-122.29724884033200,ALAMEDA,BERKELEY,-122.29727172851600,37.866706848144500
9599982,2023,2023-08-18,103,2023-06-15,1535,85,15,4,5,6,103,0,0,0,,0,5,MARTIN LUTHER KING JR,ALLSTON,0.00,,Y,A,-,N,,,,,,,,,,Y,3,0,2,1,A,-,12,21453,A,N,E,I,A,A,H,-,A,A,0,,,,,Y,,A,1,0,1,1,0,0,0,0,0,0,- ,- ,37.868770599365200,-122.27269744873000,ALAMEDA,BERKELEY,-122.27268218994100,37.868770599365200
9599983,2023,2023-08-03,103,2023-06-14,1244,84,,3,5,6,103,0,0,0,,0,14,CEDAR,STANNAGE,0.00,,Y,A,-,N,,,,,,,,,,Y,3,0,2,2,A,-,9,21802,A,N,D,C,A,A,H,-,A,A,0,,,,,Y,,A,1,0,1,1,0,0,0,0,0,0,- ,- ,37.875480651855500,-122.29299163818400,ALAMEDA,BERKELEY,-122.29228210449200,37.875446319580100
9599984,2023,2023-08-18,103,2023-06-13,1608,150,,2,5,6,103,0,0,0,,0,6,SHATTUCK,CHANNING,0.00,,Y,A,-,N,,,,,,,,,,Y,3,0,2,2,A,-,12,21453,A,N,D,C,A,A,H,-,A,A,0,,,,,Y,,A,1,0,2,0,0,0,0,0,0,0,- ,- ,37.865779876709000,-122.267578125,ALAMEDA,BERKELEY,-122.26761627197300,37.865779876709000
9599985,2023,2023-08-03,103,2023-06-13,1809,17,,2,5,6,103,0,0,0,,0,7,CHANNING,WARRING,0.00,,Y,A,-,N,,,,,,,,,,N,4,0,1,2,A,-,8,22107,,N,D,C,A,A,H,-,A,A,0,,,Y,,Y,,A,1,0,0,1,0,0,0,0,0,1,- ,- ,37.867931365966800,-122.25083160400400,ALAMEDA,BERKELEY,-122.25083160400400,37.867931365966800
9599986,2023,2023-08-04,103,2023-06-13,1525,84,,2,5,6,103,0,0,0,,0,3,UNIVERSITY,WEST,0.00,,Y,A,-,N,,,,,,,,,,N,3,0,1,2,A,-,12,21453,A,F,A,G,A,-,H,-,-,A,0,,Y,,,Y,,A,1,0,1,0,0,0,0,1,0,0,- ,- ,37.869819641113300,-122.28655242919900,ALAMEDA,BERKELEY,-122.28652191162100,37.869876861572300
9599987,2023,2023-08-03,103,2023-06-13,1325,84,,2,5,6,103,0,0,0,,0,5,MILVIA,PARKER ST,85.00,N,N,A,-,N,,,,,,,,,,N,4,0,1,3,A,-,3,22350,,N,C,B,E,A,H,-,A,D,0,Y,,,,Y,,A,1,0,0,1,0,1,0,0,0,0,- ,- ,37.861991882324200,-122.26988220214800,ALAMEDA,BERKELEY,-122.26968383789100,37.862041473388700
9599988,2023,2023-08-18,103,2023-06-13,743,124,,2,5,6,103,0,0,0,,0,3,UNIVERSITY,BONAR,0.00,,Y,A,-,N,,,,,,,,,,N,4,0,1,2,A,-,1,23152,A,N,D,C,A,A,H,-,A,A,0,,,,,Y,Y,A,1,0,0,1,0,0,0,0,0,0,- ,- ,37.869701385498000,-122.28749847412100,ALAMEDA,BERKELEY,-122.28749847412100,37.8697509765625
9599989,2023,2023-08-10,103,2023-06-11,1054,148,29,7,5,6,103,0,0,0,,0,6,SHATTUCK,CHANNING,0.00,,Y,B,-,N,,,,,,,,,,N,3,0,1,2,A,-,12,21453,A,N,D,G,A,A,G,-,A,A,0,,Y,,,Y,Y,L,4,0,1,0,0,0,0,1,0,0,- ,- ,37.865779876709000,-122.267578125,ALAMEDA,BERKELEY,-122.26761627197300,37.865779876709000
9599990,2023,2023-08-18,103,2023-06-09,1115,26,,5,5,6,103,0,0,0,,0,13,CAMELIA,6TH,0.00,,Y,B,-,N,,,,,,,,,,N,3,0,1,2,A,-,9,21802,A,N,D,C,A,A,H,-,A,A,0,,,,,Y,,A,1,0,1,0,0,0,0,0,0,0,- ,- ,37.877490997314500,-122.30050659179700,ALAMEDA,BERKELEY,-122.30078887939500,37.877597808837900
9599991,2023,2023-08-03,103,2023-06-08,955,108,,4,5,6,103,0,0,0,,0,4,SHATTUCK,SHATTUCK SQ,23.00,N,N,A,-,N,,,,,,,,,,N,3,0,1,3,A,-,9,21801,A,F,B,C,A,A,H,-,A,A,0,,,,,Y,,A,1,0,1,0,0,0,0,0,0,0,- ,- ,37.871170043945300,-122.26828002929700,ALAMEDA,BERKELEY,-122.26829528808600,37.871212005615200
9599992,2023,2023-08-04,103,2023-06-08,53,90,,4,5,6,103,0,0,0,,0,11,DWIGHT,7TH,0.00,,Y,A,-,N,,,,,,,,,,N,2,0,1,1,A,-,3,22350,,N,H,J,A,A,H,-,C,A,0,,Y,,,Y,,L,4,1,0,0,0,0,0,1,0,0,- ,- ,37.859981536865200,-122.29508972168000,ALAMEDA,BERKELEY,-122.29405212402300,37.860191345214800
9599993,2023,2023-08-03,103,2023-06-07,1207,112,,3,5,6,103,0,0,0,,0,5,DWIGHT,SACRAMENTO,0.00,,Y,A,-,N,,,,,,,,,,N,4,0,2,2,A,-,9,21801,A,N,D,C,A,A,H,-,A,A,0,,,,,Y,,A,7,0,0,2,0,0,0,0,0,0,- ,- ,37.862201690673800,-122.28108978271500,ALAMEDA,BERKELEY,-122.28118896484400,37.862190246582000
9599994,2023,2023-08-18,103,2023-06-04,1816,7,20,7,5,6,103,0,0,0,,0,13,GILMAN,E SHORE HWY,0.00,,Y,A,-,N,,,,,,,,,,Y,3,0,2,2,A,-,9,21801,A,N,D,C,A,A,H,-,A,D,0,,,,,Y,,A,1,0,1,1,0,0,0,0,0,0,- ,- ,37.878089904785200,-122.30760955810500,ALAMEDA,BERKELEY,-122.30648040771500,37.878326416015600
9599996,2023,2023-08-03,103,2023-06-02,2236,6,34,5,5,6,103,0,0,0,,0,9,MCGEE,OREGON ST,0.00,,Y,A,-,N,,,,,,,,,,N,3,0,1,1,A,-,3,22350,,N,H,-,A,A,H,-,C,-,0,,Y,,,Y,Y,L,4,0,1,0,0,0,0,1,0,0,- ,- ,37.856571197509800,-122.27523040771500,ALAMEDA,BERKELEY,-122.27524566650400,37.856555938720700
9599997,2023,2023-08-03,103,2023-06-02,1615,20,21,5,5,6,103,0,0,0,,0,12,UNIVERSITY,6TH,0.00,,Y,A,-,N,,,,,,,,,,Y,3,0,1,2,A,-,12,21453,A,N,D,C,A,A,H,-,A,A,0,,,,,Y,,A,1,0,1,0,0,0,0,0,0,0,- ,- ,37.867988586425800,-122.29766082763700,ALAMEDA,BERKELEY,-122.29771423339800,37.867969512939500
9599998,2023,2023-08-03,103,2023-06-02,1041,124,,5,5,6,103,0,0,0,,0,1,VINE,OXFORD,0.00,,Y,A,-,N,,,,,,,,,,N,3,0,1,2,A,-,11,21456,B,N,G,B,B,A,H,-,A,A,0,Y,Y,,,Y,,N,60,0,1,0,0,0,0,1,0,0,- ,- ,37.880508422851600,-122.26706695556600,ALAMEDA,BERKELEY,-122.26708984375,37.880496978759800
9601126,2023,2023-08-11,103,2023-05-26,2308,125,,5,5,6,103,0,0,0,,0,7,TUNNEL RD,ROBLE RD,0.00,,-,A,F,Y,ALA,4,13,-,-,10.185,H,-,S,N,2,0,1,1,C,-,18,,,N,E,I,A,A,A,-,D,D,0,,,Y,,Y,,-,- ,1,0,0,0,0,0,0,0,1,- ,- ,37.835590362548800,-122.23626708984400,ALAMEDA,BERKELEY,-122.23637390136700,37.854072570800800
9601158,2023,2023-08-11,103,2023-06-07,1555,155,,3,5,6,103,0,0,0,,0,14,SAN PABLO,DELAWARE ST,0.00,,Y,A,-,Y,ALA,4,123,-,-,3.340,I,5,S,N,3,0,1,2,A,-,9,21801,A,N,D,G,A,A,H,-,A,A,0,,Y,,,Y,,D,22,0,1,0,0,0,0,1,0,0,- ,- ,37.871688842773400,-122.29296112060500,ALAMEDA,BERKELEY,-122.29305267334000,37.871688842773400
9601162,2023,2023-08-11,103,2023-06-01,1530,107,20,4,5,6,103,0,0,0,,0,11,ASHBY AV,9TH ST,0.00,,Y,A,-,Y,ALA,4,13,-,-,13.340,H,-,N,Y,2,0,1,2,A,-,3,22350,,N,D,C,A,-,H,-,A,A,0,,,Y,,Y,,C,2,1,0,0,0,0,0,0,0,1,- ,- ,37.851619720459000,-122.28936767578100,ALAMEDA,BERKELEY,-122.28954315185500,37.851596832275400
9601166,2023,2023-08-14,103,2023-06-10,1600,120,34,6,5,6,103,0,0,0,,0,10,ASHBY,SACRAMENTO,0.00,,Y,A,-,Y,ALA,4,13,-,-,12.760,I,5,N,N,3,0,1,2,A,-,8,22107,,N,D,C,A,A,H,-,A,A,0,,,,,Y,,A,1,0,1,0,0,0,0,0,0,0,- ,- ,37.853279113769500,-122.27900695800800,ALAMEDA,BERKELEY,-122.27902221679700,37.853305816650400
9601170,2023,2023-08-14,103,2023-06-10,2233,12,,6,5,6,103,0,0,0,,0,8,TELEGRAPH,ASHBY,0.00,,Y,A,-,Y,ALA,4,13,-,-,11.610,I,5,N,Y,3,0,1,2,A,-,9,21801,A,N,D,C,A,A,H,-,C,A,0,,,,,Y,,A,1,0,1,0,0,0,0,0,0,0,- ,- ,37.856189727783200,-122.25966644287100,ALAMEDA,BERKELEY,-122.25969696044900,37.856155395507800
9601174,2023,2023-08-14,103,2023-06-24,850,73,36,6,5,6,103,0,0,0,,0,7,ASHBY,HILLEGASS,0.00,,Y,A,-,Y,ALA,4,13,-,-,11.370,I,5,S,N,3,0,1,2,A,-,12,21453,A,N,G,B,B,A,H,-,A,A,0,Y,,,,Y,,A,7,0,1,0,0,1,0,0,0,0,- ,- ,37.856731414794900,-122.2554931640630,ALAMEDA,BERKELEY,-122.25550079345700,37.856735229492200
9601178,2023,2023-08-14,103,2023-06-27,1335,42,,2,5,6,103,0,0,0,,0,14,SAN PABLO AV,GILMAN,0.00,,Y,A,-,Y,ALA,4,123,-,-,3.970,H,-,N,N,3,0,1,2,A,-,3,22350,,F,C,C,A,A,H,-,A,A,0,,,,,Y,,A,1,0,1,0,0,0,0,0,0,0,- ,- ,37.880470275878900,-122.29579925537100,ALAMEDA,BERKELEY,-122.29576873779300,37.880352020263700
9601182,2023,2023-08-14,103,2023-06-28,1218,112,,3,5,6,103,0,0,0,,0,11,RT 13,9TH ST,285.00,E,N,A,-,Y,ALA,4,13,-,-,13.310,H,-,N,Y,3,0,2,2,A,-,4,21703,,N,C,C,A,A,H,-,A,A,0,,,,,Y,,A,1,0,2,0,0,0,0,0,0,0,- ,- ,37.851619720459000,-122.28936767578100,ALAMEDA,BERKELEY,-122.28847503662100,37.851818084716800
9601596,2023,2023-09-08,103,2023-07-11,1314,144,,2,5,6,103,0,0,0,,0,14,RT 123,GILMAN,100.00,N,N,A,-,Y,ALA,4,123,-,-,4.000,H,-,S,N,3,0,1,2,A,-,8,22107,,N,B,E,A,A,H,-,A,D,0,,,,,Y,,A,7,0,1,0,0,0,0,0,0,0,- ,- ,,,ALAMEDA,BERKELEY,-122.29598236084000,37.8807373046875
9601600,2023,2023-09-11,103,2023-07-11,1240,107,34,2,5,6,103,0,0,0,,0,10,RT 13,CALIFORNIA,0.00,,Y,A,-,Y,ALA,4,13,-,-,12.640,I,5,S,Y,3,0,2,2,A,-,1,23153,F,N,D,C,A,A,H,-,A,A,0,,,,,Y,,A,1,0,2,0,0,0,0,0,0,0,- ,- ,37.853549957275400,-122.27693176269500,ALAMEDA,BERKELEY,-122.27694702148400,37.853565216064500
9601649,2023,2023-09-07,103,2023-07-17,636,112,,1,5,6,103,0,0,0,,0,9,RT 13,MARTIN LUTHER KING JR,0.00,,Y,A,-,Y,ALA,4,13,-,-,12.320,I,5,N,Y,2,0,1,2,A,-,12,21453,A,N,D,C,A,A,H,-,A,A,0,,,,,Y,,A,1,1,0,0,0,0,0,0,0,0,- ,- ,37.854320526123000,-122.27108001709000,ALAMEDA,BERKELEY,-122.27113342285200,37.854282379150400
9601653,2023,2023-09-07,103,2023-07-19,2122,94,29,3,5,6,103,0,0,0,,0,5,HASTE,SHATTUCK,0.00,,Y,-,-,N,,,,,,,,,,Y,3,0,1,2,A,-,12,21453,A,N,D,C,A,A,H,-,C,A,0,,,,,Y,,A,1,0,1,0,0,0,0,0,0,0,- ,- ,37.864879608154300,-122.26747131347700,ALAMEDA,BERKELEY,-122.26750946044900,37.864879608154300
9601657,2023,2023-09-07,103,2023-07-19,1320,107,20,3,5,6,103,0,0,0,,0,11,RT 13,9TH,0.00,,Y,A,-,Y,ALA,4,13,-,-,13.330,I,5,S,Y,3,0,3,2,A,-,9,21801,A,N,D,C,A,-,H,-,A,A,0,,,,,Y,,A,1,0,3,0,0,0,0,0,0,0,- ,- ,37.851409912109400,-122.28914642334000,ALAMEDA,BERKELEY,-122.28938293457000,37.851634979248000
9601661,2023,2023-09-07,103,2023-07-16,1228,47,,7,5,6,103,0,0,0,,0,11,RT 123,ASHBY,0.00,,Y,A,-,Y,ALA,4,13,-,-,13.180,I,5,N,Y,3,0,2,2,A,-,9,21453,C,N,D,C,A,A,H,-,A,A,0,,,,,Y,,A,1,0,2,0,0,0,0,0,0,0,- ,- ,,,ALAMEDA,BERKELEY,-122.28667449951200,37.852169036865200
9601665,2023,2023-09-07,103,2023-07-13,1132,112,,4,5,6,103,0,0,0,,0,8,RT 13,LORINA,0.00,,Y,A,-,Y,ALA,4,13,-,-,11.980,I,5,S,Y,4,0,1,4,A,-,8,22107,,N,B,C,A,A,H,-,A,A,0,,,,,Y,,A,1,0,0,1,0,0,0,0,0,0,- ,- ,37.855430603027300,-122.26547241210900,ALAMEDA,BERKELEY,-122.26549530029300,37.85540771484380
9601669,2023,2023-09-11,103,2023-07-12,1232,17,,3,5,6,103,0,0,0,,0,7,RT 13,HILLEGASS,0.00,,Y,A,-,Y,ALA,4,13,-,-,11.370,I,5,N,Y,4,0,1,2,A,-,9,21802,A,N,D,C,A,A,H,-,A,A,0,,,,,Y,,A,1,0,0,1,0,0,0,0,0,0,- ,- ,37.856731414794900,-122.2554931640630,ALAMEDA,BERKELEY,-122.25550079345700,37.856735229492200
9601673,2023,2023-09-11,103,2023-07-06,700,107,20,4,5,6,103,0,0,0,,0,14,RT 123,GILMAN ST,31.00,S,N,A,-,Y,ALA,4,123,-,-,3.970,H,-,S,Y,3,0,2,1,A,-,3,22350,,N,E,I,A,-,H,-,A,A,0,,,,,Y,,A,1,0,2,0,0,0,0,0,0,0,- ,- ,37.880470275878900,-122.29579925537100,ALAMEDA,BERKELEY,-122.29585266113300,37.880329132080100
9604603,2023,2023-11-27,103,2023-09-05,1215,107,33,2,5,6,103,0,0,0,,0,11,SAN PABLO AV,CARLETON ST,0.00,,Y,A,-,Y,ALA,4,123,-,-,2.360,H,-,S,Y,3,0,1,1,C,-,18,,,N,E,I,A,-,H,-,A,A,0,,,,,Y,,-,- ,0,1,0,0,0,0,0,0,0,- ,- ,37.858509063720700,-122.2886962890630,ALAMEDA,BERKELEY,-122.28862762451200,37.857978820800800
9604630,2023,2023-11-27,103,2023-09-27,1742,112,,3,5,6,103,0,0,0,,0,11,SAN PABLO,CARRISON ST,30.00,S,N,A,-,Y,ALA,4,123,-,-,1.830,H,-,N,N,3,0,2,3,A,-,3,22350,,N,C,C,A,A,H,-,A,A,0,,,,,Y,,A,1,0,2,0,0,0,0,0,0,0,- ,- ,37.850959777832000,-122.28581237793000,ALAMEDA,BERKELEY,-122.28623962402300,37.850837707519500
9604634,2023,2023-11-29,103,2023-09-24,700,,36,7,5,6,103,0,0,0,,0,7,ASHBY AV,COLLEGE AV,163.00,W,N,A,-,Y,ALA,4,13,-,-,11.260,H,-,S,N,4,0,1,2,A,-,21,22106,,N,E,C,A,A,H,-,A,D,0,,,,,Y,,A,1,0,0,1,0,0,0,0,0,0,- ,- ,37.857219696044900,-122.25328063964800,ALAMEDA,BERKELEY,-122.25358581543000,37.856952667236300
9604638,2023,2023-11-27,103,2023-09-12,1134,112,,2,5,6,103,0,0,0,,0,14,SAN PABLO,HEARST AV,90.00,N,N,A,-,Y,ALA,4,123,-,-,3.260,H,-,S,Y,3,0,1,3,A,-,7,21658,A,N,C,E,A,A,H,-,A,A,0,,,,,Y,,A,1,0,1,0,0,0,0,0,0,0,- ,- ,37.870719909668000,-122.29302978515600,ALAMEDA,BERKELEY,-122.29270935058600,37.870681762695300
9613279,2023,2023-09-05,103,2023-05-27,1900,55,,6,5,6,103,0,0,0,,0,1,SPRUCE,MICHIGAN,0.00,,Y,A,-,N,,,,,,,,,,N,3,0,1,2,A,-,9,21801,A,F,D,G,A,A,H,-,A,D,0,,Y,,,Y,,A,1,0,1,0,0,0,0,1,0,0,- ,- ,37.901851654052700,-122.26719665527300,ALAMEDA,BERKELEY,-122.27027893066400,37.901599884033200
9613529,2023,2023-09-05,103,2023-07-29,125,29,37,6,5,6,103,0,0,0,,0,7,WARRING,DERBY ST,351.00,N,N,-,-,N,,,,,,,,,,Y,3,0,1,2,A,-,1,23152,A,N,A,E,A,A,H,-,C,D,0,,,,,Y,Y,A,1,0,1,0,0,0,0,0,0,0,- ,- ,37.862308502197300,-122.25009918212900,ALAMEDA,BERKELEY,-122.25021362304700,37.863292694091800
9613556,2023,2023-09-05,103,2023-07-31,545,107,29,1,5,6,103,0,0,0,,0,6,SHATTUCK,BANCROFT,0.00,,Y,A,-,N,,,,,,,,,,N,3,0,1,2,A,-,11,21950,B,N,G,B,B,-,H,-,C,A,0,Y,,,,Y,,N,60,0,1,0,0,1,0,0,0,0,- ,- ,37.867450714111300,-122.26734924316400,ALAMEDA,BERKELEY,-122.26782989502000,37.867591857910200
9613557,2023,2023-09-07,103,2023-07-28,808,107,34,5,5,6,103,0,0,0,,0,5,MARTIN LUTHER KING JR WY,BLAKE ST,65.00,S,N,A,-,N,,,,,,,,,,N,3,0,1,2,A,-,8,22107,,N,D,G,A,A,H,-,A,A,0,,Y,,Y,Y,,L,4,0,1,0,0,0,0,1,0,0,- ,- ,37.862438201904300,-122.27189636230500,ALAMEDA,BERKELEY,-122.27198791503900,37.862262725830100
9613558,2023,2023-09-07,103,2023-07-24,1255,122,,1,5,6,103,0,0,0,,0,2,HEARST AV,LEROY AV,0.00,,Y,A,-,N,,,,,,,,,,N,3,0,1,2,A,-,11,21954,A,F,B,B,E,A,H,-,A,D,0,Y,,,Y,Y,,N,60,0,1,0,0,1,0,0,0,0,- ,- ,37.87567138671880,-122.25871276855500,ALAMEDA,BERKELEY,-122.25827789306600,37.875358581543000
9613562,2023,2023-09-07,103,2023-07-19,928,3112,,3,5,6,103,0,0,0,,0,2,OXFORD,HEARST,0.00,,Y,A,-,N,,,,,,,,,,Y,3,0,1,2,A,-,12,21453,A,N,B,C,A,A,H,-,A,A,0,,,,Y,Y,,F,27,0,1,0,0,0,0,0,0,0,- ,- ,37.874149322509800,-122.26628875732400,ALAMEDA,BERKELEY,-122.26634979248000,37.874160766601600
9613564,2023,2023-09-05,103,2023-07-14,1840,149,36(02,5,5,6,103,0,0,0,,0,7,HILLEGASS,RUSSELL,0.00,,Y,A,-,N,,,,,,,,,,N,3,0,1,2,A,-,12,22450,A,N,D,C,A,A,H,-,A,A,0,,,,,Y,,M,94,0,1,0,0,0,0,0,0,0,- ,- ,37.858158111572300,-122.25566101074200,ALAMEDA,BERKELEY,-122.25563812255900,37.858177185058600
9613566,2023,2023-09-21,103,2023-07-18,1443,112,,2,5,6,103,0,0,0,,0,6,DANA,DWIGHT,0.00,,Y,A,-,N,,,,,,,,,,Y,2,0,1,1,C,-,18,,,N,E,I,A,A,H,-,A,A,0,,,,,Y,,-,- ,1,0,0,0,0,0,0,0,0,- ,- ,37.864830017089800,-122.26071929931600,ALAMEDA,BERKELEY,-122.26071929931600,37.864818572998000
9613567,2023,2023-09-08,103,2023-07-17,1724,17,,1,5,6,103,0,0,0,,0,7,RT 13,COLLEGE,0.00,,Y,A,-,Y,ALA,4,13,-,-,11.230,I,5,N,Y,4,0,2,2,A,-,12,21453,A,N,D,C,A,A,-,-,A,A,0,,,,,Y,,D,22,0,0,2,0,0,0,0,0,0,- ,- ,37.857040405273400,-122.25303649902300,ALAMEDA,BERKELEY,-122.25307464599600,37.857013702392600
9613569,2023,2023-09-05,103,2023-07-10,1728,145,,1,5,6,103,0,0,0,,0,4,UNIVERSITY,MILVIA ST,0.00,,Y,A,-,N,,,,,,,,,,N,3,0,1,2,A,-,3,22350,,N,C,C,A,A,H,-,A,A,0,,,,,Y,,D,22,0,1,0,0,0,0,0,0,0,- ,- ,37.871849060058600,-122.27072143554700,ALAMEDA,BERKELEY,-122.27075958252000,37.871902465820300
9613571,2023,2023-09-05,103,2023-07-05,1834,144,,3,5,6,103,0,0,0,,0,11,5TH AV,DWIGHT,0.00,,Y,B,-,N,,,,,,,,,,Y,3,0,1,2,A,-,3,22350,,F,D,E,A,A,H,-,A,A,0,,,,,Y,Y,A,7,0,1,0,0,0,0,0,0,0,- ,- ,,,ALAMEDA,BERKELEY,-122.29624938964800,37.859760284423800
9615121,2023,2023-08-30,103,2023-07-24,1145,3,17,1,5,6,103,0,0,0,,0,2,CEDAR,WALNUT,0.00,,Y,A,-,N,,,,,,,,,,N,3,0,1,2,A,-,9,21802,A,N,D,C,A,A,G,-,A,A,0,,,,,Y,,A,7,0,1,0,0,0,0,0,0,0,- ,- ,37.878559112548800,-122.26799774169900,ALAMEDA,BERKELEY,-122.26796722412100,37.878559112548800
9615122,2023,2023-08-30,103,2023-07-21,1655,23,31,5,5,6,103,0,0,0,,0,5,ADDISON,WEST,0.00,,Y,A,-,N,,,,,,,,,,N,2,0,1,1,A,-,3,22350,,N,E,J,A,A,H,-,A,A,0,,Y,,,Y,,L,4,1,0,0,0,0,0,1,0,0,- ,- ,,,ALAMEDA,BERKELEY,-122.28617858886700,37.868877410888700
9615123,2023,2023-08-30,103,2023-07-19,1826,14,,3,5,6,103,0,0,0,,0,10,ALCATRAZ,BAKER,0.00,,Y,A,-,N,,,,,,,,,,N,3,0,1,2,A,-,9,21801,A,F,A,G,A,-,H,-,A,D,0,,Y,,,Y,,A,1,0,1,0,0,0,0,1,0,0,- ,- ,37.847660064697300,-122.27954864502000,ALAMEDA,BERKELEY,-122.27957153320300,37.847663879394500
9615124,2023,2023-09-15,103,2023-07-15,2128,55,,6,5,6,103,0,0,0,,0,1,VIRGINIA,LA LOMA,0.00,,Y,A,-,N,,,,,,,,,,N,3,0,1,1,C,-,18,,,N,H,-,A,A,H,-,C,A,0,,,,,Y,,-,- ,0,1,0,0,0,0,0,0,0,- ,- ,37.878269195556600,-122.25714874267600,ALAMEDA,BERKELEY,-122.25714874267600,37.878292083740200
9615125,2023,2023-08-30,103,2023-07-26,1055,107,36,3,5,6,103,0,0,0,,0,7,COLLEGE,STUART,0.00,,Y,A,-,N,,,,,,,,,,N,3,0,1,1,A,-,3,22350,,N,E,I,A,A,H,-,A,A,0,,,,,Y,,M,94,0,1,0,0,0,0,0,0,0,- ,- ,37.859981536865200,-122.25332641601600,ALAMEDA,BERKELEY,-122.25334167480500,37.860004425048800
9615126,2023,2023-08-30,103,2023-07-25,1443,84,24,2,5,6,103,0,0,0,,0,4,HEARST,MARTIN LUTHER KING JR,0.00,,Y,A,-,N,,,,,,,,,,N,3,0,1,2,A,-,3,22350,,F,C,G,A,A,H,-,-,A,0,,Y,,,Y,,L,4,0,1,0,0,0,0,1,0,0,- ,- ,37.873298645019500,-122.27320098877000,ALAMEDA,BERKELEY,-122.27320098877000,37.873332977294900
9615127,2023,2023-08-30,103,2023-07-25,1035,107,29,2,5,6,103,0,0,0,,0,5,MARTIN LUTHER KING JR,HASTE ST,26.00,S,N,A,-,N,,,,,,,,,,N,3,0,1,2,A,-,8,22107,,N,B,G,A,A,H,-,A,A,0,,Y,,,Y,,L,4,0,1,0,0,0,0,1,0,0,- ,- ,37.864261627197300,-122.27220916748000,ALAMEDA,BERKELEY,-122.27220153808600,37.864200592041000
9615128,2023,2023-08-30,103,2023-07-17,1048,85,15,1,5,6,103,0,0,0,,0,5,MILVIA,BANCROFT,0.00,,Y,A,-,N,,,,,,,,,,N,3,0,1,2,A,-,8,22107,,F,D,G,A,A,H,-,A,D,0,,Y,,,Y,Y,A,1,0,1,0,0,0,0,1,0,0,- ,- ,37.867580413818400,-122.27187347412100,ALAMEDA,BERKELEY,-122.27027130127000,37.86724853515630
9615130,2023,2023-08-30,103,2023-07-29,1418,,,6,5,6,103,0,0,0,,0,1,SHASTA,PARK GATE,0.00,,Y,A,-,N,,,,,,,,,,N,4,0,1,2,A,-,11,21954,A,F,C,B,E,-,H,-,A,D,0,Y,,,,Y,,N,60,0,0,1,0,1,0,0,0,0,- ,- ,37.892879486084000,-122.25782775878900,ALAMEDA,BERKELEY,-122.25190734863300,37.890964508056600
9615131,2023,2023-08-30,103,2023-07-28,1654,69,,5,5,6,103,0,0,0,,0,3,STANNAGE,GILMAN,0.00,,Y,A,-,N,,,,,,,,,,N,3,0,1,2,A,-,10,21950,A,N,G,B,B,A,H,-,A,D,0,Y,,,,Y,,A,1,0,1,0,0,1,0,0,0,0,- ,- ,37.880828857421900,-122.29405212402300,ALAMEDA,BERKELEY,-122.29403686523400,37.880847930908200
9615132,2023,2023-08-30,103,2023-07-28,1640,15,,5,5,6,103,0,0,0,,0,3,UNIVERSITY,ACTON ST,50.00,E,N,A,-,N,,,,,,,,,,N,3,0,2,3,A,-,3,22350,,N,C,C,A,A,H,-,A,A,0,,,,,Y,,A,7,0,1,1,0,0,0,0,0,0,- ,- ,37.870651245117200,-122.28334045410200,ALAMEDA,BERKELEY,-122.28408813476600,37.870201110839800
9615133,2023,2023-08-30,103,2023-07-30,1709,4,20,7,5,6,103,0,0,0,,0,11,POTTER,BAY,0.00,,Y,A,-,N,,,,,,,,,,Y,3,0,1,2,A,-,1,23152,A,N,A,C,A,A,H,-,A,D,0,,,,,Y,Y,A,1,0,1,0,0,0,0,0,0,0,- ,- ,37.850479125976600,-122.29612731933600,ALAMEDA,BERKELEY,-122.29608917236300,37.850498199462900
9615140,2023,2023-08-30,103,2023-07-15,1100,57,38,6,5,6,103,0,0,0,,0,7,CLAREMONT,WEBSTER ST,25.00,S,N,A,-,N,,,,,,,,,,N,3,0,1,1,A,-,3,22350,,N,H,I,A,A,B,-,A,D,0,,Y,,,Y,,L,4,0,1,0,0,0,0,1,0,0,- ,- ,37.856128692627000,-122.24687194824200,ALAMEDA,BERKELEY,-122.24689483642600,37.856113433837900
9615145,2023,2023-08-30,103,2023-07-01,1017,150,,6,5,6,103,0,0,0,,0,2,COLUSA,VISALIA AV,91.00,S,N,A,-,N,,,,,,,,,,Y,4,0,1,2,A,-,3,22350,,N,C,C,A,A,H,-,A,D,0,,,,,Y,,A,1,0,0,1,0,0,0,0,0,0,- ,- ,37.898410797119100,-122.28563690185500,ALAMEDA,BERKELEY,-122.28557586669900,37.898174285888700
9615149,2023,2023-10-04,103,2023-07-11,2040,S29,24,2,5,6,103,0,0,0,,0,2,OXFORD,VIRGINIA,0.00,,Y,A,-,N,,,,,,,,,,Y,2,0,2,4,A,-,12,22450,A,F,D,C,A,A,H,-,B,A,0,,,Y,,Y,,A,1,1,1,0,0,0,0,0,0,1,- ,- ,,,ALAMEDA,BERKELEY,-122.26666259765600,37.876869201660200
9615150,2023,2023-08-30,103,2023-07-10,1215,119,,1,5,6,103,0,0,0,,0,8,TELEGRAPH,PARKER,0.00,,Y,A,-,N,,,,,,,,,,N,3,0,1,2,A,-,9,21802,A,N,D,C,A,A,H,-,A,D,0,,,,,Y,,A,1,0,1,0,0,0,0,0,0,0,- ,- ,37.863258361816400,-122.25868988037100,ALAMEDA,BERKELEY,-122.25871276855500,37.863235473632800
9615151,2023,2023-10-09,103,2023-07-04,2133,90,,2,5,6,103,0,0,0,,0,11,7TH AV,ASHBY AV,10.00,S,N,A,-,N,,,,,,,,,,Y,2,0,1,3,A,-,9,21453,B,N,D,C,A,A,H,-,C,A,0,,,Y,,Y,,A,1,1,0,0,0,0,0,0,0,1,- ,- ,37.851009368896500,-122.29109954834000,ALAMEDA,BERKELEY,-122.29109954834000,37.850994110107400
9615152,2023,2023-08-30,103,2023-07-01,1623,6,4001,6,5,6,103,0,0,0,,0,9,ADELINE,FAIRVIEW ST,0.00,,Y,A,-,N,,,,,,,,,,N,3,0,1,1,A,-,3,22350,,N,F,I,A,A,H,-,A,A,0,,Y,,,Y,,L,4,0,1,0,0,0,0,1,0,0,- ,- ,37.850189208984400,-122.27131652832000,ALAMEDA,BERKELEY,-122.27077484130900,37.850677490234400
9615153,2023,2023-08-30,103,2023-07-14,955,28,,5,5,6,103,0,0,0,,0,1,SAN LUIS,AVIS,0.00,,Y,A,-,N,,,,,,,,,,N,3,0,1,2,A,-,21,22106,,N,G,B,D,A,H,-,A,A,0,Y,,,,Y,,A,1,0,1,0,0,1,0,0,0,0,- ,- ,37.900630950927700,-122.27601623535200,ALAMEDA,BERKELEY,-122.27629089355500,37.900539398193400
9615154,2023,2023-08-30,103,2023-07-13,1422,112,,4,5,6,103,0,0,0,,0,1,SOLANO,COLUSA,0.00,,Y,A,-,N,,,,,,,,,,N,3,0,1,2,A,-,8,22107,,N,D,C,A,A,H,-,A,A,0,,,Y,,Y,,A,7,0,1,0,0,0,0,0,0,1,- ,- ,37.891349792480500,-122.27986145019500,ALAMEDA,BERKELEY,-122.27984619140600,37.891342163085900
9615155,2023,2023-10-06,103,2023-07-12,1820,75,,3,5,6,103,0,0,0,,0,9,ALCATRAZ,ELLIS,0.00,,Y,A,-,N,,,,,,,,,,N,3,0,1,2,A,-,10,21950,A,N,G,B,B,A,H,-,A,D,0,Y,,,,Y,,A,1,0,1,0,0,1,0,0,0,0,- ,- ,,,ALAMEDA,BERKELEY,-122.27262115478500,37.848583221435500
9615156,2023,2023-08-30,103,2023-07-12,1707,107,,3,5,6,103,0,0,0,,0,5,ALLSTON,BROWNING,0.00,,Y,A,-,N,,,,,,,,,,Y,3,0,2,2,A,-,9,21802,A,N,D,C,A,A,H,-,A,A,0,,,,,Y,,A,7,0,2,0,0,0,0,0,0,0,- ,- ,37.8668212890625,-122.28794860839800,ALAMEDA,BERKELEY,-122.28795623779300,37.866832733154300
9615158,2023,2023-08-30,103,2023-07-15,1707,15,,6,5,6,103,0,0,0,,0,11,DWIGHT,9TH,0.00,,Y,A,-,N,,,,,,,,,,N,3,0,1,2,A,-,12,22450,A,N,D,G,A,A,H,-,A,A,0,,Y,,,Y,,L,4,0,1,0,0,0,0,1,0,0,- ,- ,37.860538482666000,-122.29141998291000,ALAMEDA,BERKELEY,-122.29183197021500,37.860649108886700
9615159,2023,2023-08-30,103,2023-07-14,1105,112,,5,5,6,103,0,0,0,,0,8,WEBSTER,COLBY ST,115.00,W,N,A,-,N,,,,,,,,,,N,4,0,1,2,A,-,3,22350,,F,C,C,A,A,H,-,A,A,0,,,,,Y,,A,1,0,0,1,0,0,0,0,0,0,- ,- ,37.855190277099600,-122.25826263427700,ALAMEDA,BERKELEY,-122.25820159912100,37.855392456054700
9615176,2023,2023-08-30,103,2023-07-15,256,29,17,6,5,6,103,0,0,0,,0,2,MARTIN LUTHER KING JR,VINE ST,252.00,N,N,A,-,N,,,,,,,,,,Y,3,0,1,4,A,-,7,21658,A,N,D,E,A,A,H,-,C,D,0,,,,,Y,,A,1,0,1,0,0,0,0,0,0,0,- ,- ,37.880031585693400,-122.27368927002000,ALAMEDA,BERKELEY,-122.27397155761700,37.880321502685500
9615183,2023,2023-08-30,103,2023-07-16,2112,23,31,7,5,6,103,0,0,0,,0,5,BANCROFT,BONAR,0.00,,Y,A,-,N,,,,,,,,,,N,2,0,1,2,A,-,12,22450,A,N,D,G,A,A,H,-,C,A,0,,Y,,,Y,Y,L,4,1,0,0,0,0,0,1,0,0,- ,- ,37.865161895752000,-122.28656005859400,ALAMEDA,BERKELEY,-122.28656768798800,37.865161895752000
9615239,2023,2023-09-11,103,2023-07-20,633,160,31,4,5,6,103,0,0,0,,0,5,ACTON ST,CHANNING WY,130.00,S,N,A,-,N,,,,,,,,,,N,3,0,1,1,C,-,18,,,N,H,I,A,A,H,-,A,D,0,,Y,,,Y,,-,- ,0,1,0,0,0,0,1,0,0,- ,- ,37.863319396972700,-122.28298950195300,ALAMEDA,BERKELEY,-122.28321838378900,37.863395690918000
9617447,2023,2023-09-11,103,2023-07-28,2001,80,31,5,5,6,103,0,0,0,,0,5,BONAR ST,ALLSTON ST,0.00,,Y,A,-,N,,,,,,,,,,N,3,0,1,2,A,-,3,22350,,F,A,C,A,A,H,-,A,D,0,,,,,Y,,A,1,0,1,0,0,0,0,0,0,0,- ,- ,37.866100311279300,-122.28650665283200,ALAMEDA,BERKELEY,-122.28692626953100,37.866950988769500
9617451,2023,2023-09-08,103,2023-07-30,2126,120,29,7,5,6,103,0,0,0,,0,4,ALLSTON,SHATTUCK AV,170.00,E,N,A,-,N,,,,,,,,,,N,3,0,1,2,A,-,3,22350,,F,A,C,A,A,H,-,C,D,0,,,,,Y,Y,A,1,0,1,0,0,0,0,0,0,0,- ,- ,37.865169525146500,-122.27230834960900,ALAMEDA,BERKELEY,-122.26744079589800,37.869464874267600
9618020,2023,2023-11-08,103,2023-08-10,1524,S29,,4,5,6,103,0,0,0,,0,2,MARTIN LUTHER KING JR WY,DELAWARE,0.00,,Y,A,-,N,,,,,,,,,,Y,3,0,1,2,A,-,9,21802,A,N,D,C,A,A,H,-,A,A,0,,,,,Y,,A,1,0,1,0,0,0,0,0,0,0,- ,- ,,,ALAMEDA,BERKELEY,-122.27330017089800,37.874214172363300
9618104,2023,2023-11-14,103,2023-09-12,1752,144,,2,5,6,103,0,0,0,,0,7,HASTE ST,COLLEGE AV,500.00,W,N,A,-,N,,,,,,,,,,N,3,0,1,2,A,-,8,22107,,N,D,G,A,A,H,-,A,D,0,,Y,,,Y,,A,1,0,1,0,0,0,0,1,0,0,- ,- ,,,ALAMEDA,BERKELEY,-122.25582122802700,37.866397857666000
9628367,2023,2023-11-07,103,2023-08-18,1547,124,33,5,5,6,103,0,0,0,,0,11,ASHBY,ACTON,0.00,,Y,A,-,Y,ALA,4,13,-,-,12.910,H,-,N,N,3,0,1,2,A,-,3,22350,,F,C,C,A,A,H,-,A,D,0,,,,,Y,,A,7,0,1,0,0,0,0,0,0,0,- ,- ,37.853408813476600,-122.28186798095700,ALAMEDA,BERKELEY,-122.28174591064500,37.853153228759800
9628371,2023,2023-11-07,103,2023-08-20,510,124,20,7,5,6,103,0,0,0,,0,11,ASHBY AV,MABEL ST,345.00,W,-,A,-,Y,ALA,4,13,-,-,13.090,H,-,S,Y,3,0,1,2,A,-,3,22350,,N,C,E,A,A,H,-,C,D,0,,,,,Y,,A,7,0,1,0,0,0,0,0,0,0,- ,- ,37.852268218994100,-122.285888671875,ALAMEDA,BERKELEY,-122.28501892089800,37.852497100830100
9628375,2023,2023-10-28,103,2023-08-22,1638,33,,2,5,6,103,0,0,0,,0,12,8TH,UNIVERSITY,0.00,,Y,A,-,N,,,,,,,,,,Y,3,0,1,2,A,-,9,21802,A,F,D,C,A,A,H,-,A,A,0,,,,,Y,,A,1,0,1,0,0,0,0,0,0,0,- ,- ,37.868419647216800,-122.29551696777300,ALAMEDA,BERKELEY,-122.29553985595700,37.868473052978500
9628379,2023,2023-11-07,103,2023-08-20,1127,124,20,7,5,6,103,0,0,0,,0,11,SAN PABLO,ASHBY,0.00,,Y,A,-,Y,ALA,4,13,-,-,13.180,I,5,S,Y,3,0,3,2,A,-,12,21453,A,N,A,C,A,A,H,-,A,A,0,,,,,Y,,A,7,0,3,0,0,0,0,0,0,0,- ,- ,37.852138519287100,-122.28668212890600,ALAMEDA,BERKELEY,-122.28667449951200,37.852169036865200
9628383,2023,2023-11-07,103,2023-08-25,314,32,,5,5,6,103,0,0,0,,0,14,RT 123,GILMAN ST,0.00,,Y,A,-,Y,ALA,4,123,-,-,3.940,H,-,N,Y,4,0,1,2,A,-,3,22350,,N,D,E,A,-,H,-,C,D,0,,,,,Y,,A,1,0,0,1,0,0,0,0,0,0,- ,- ,37.880470275878900,-122.29579925537100,ALAMEDA,BERKELEY,-122.29563140869100,37.87994384765630
9629042,2023,2023-10-20,103,2023-08-31,1134,108,,4,5,6,103,0,0,0,,0,4,CENTER,SHATTUCK AV,0.00,,Y,A,-,N,,,,,,,,,,N,3,0,1,2,A,-,5,21650,1,N,D,C,A,A,H,-,-,A,0,,Y,,,Y,,M,91,0,1,0,0,0,0,1,0,0,- ,- ,37.87030029296880,-122.26804351806600,ALAMEDA,BERKELEY,-122.26805114746100,37.870315551757800
9629045,2023,2023-10-19,103,2023-08-28,1603,160,17,1,5,6,103,0,0,0,,0,6,DURANT,BOWDITCH ST,100.00,W,N,A,-,N,,,,,,,,,,,3,0,1,2,A,-,3,22350,,F,C,C,A,A,H,-,A,D,0,,,,,Y,,A,1,0,1,0,0,0,0,0,0,0,- ,- ,37.868301391601600,-122.25715637207000,ALAMEDA,BERKELEY,-122.25704956054700,37.868064880371100
9629046,2023,2023-10-20,103,2023-08-23,1551,S29,17,3,5,6,103,0,0,0,,0,2,HENRY ST,BERRYMAN ST,0.00,,Y,A,-,N,,,,,,,,,,N,3,0,1,2,A,-,3,22350,,N,C,G,A,A,-,-,-,D,0,,Y,,,Y,,L,4,0,1,0,0,0,0,1,0,0,- ,- ,,,ALAMEDA,BERKELEY,-122.27106475830100,37.883636474609400
9629048,2023,2023-10-20,103,2023-08-21,1704,108,,1,5,6,103,0,0,0,,0,5,BONAR ST,ALLSTON WY,100.00,N,N,A,-,N,,,,,,,,,,N,3,0,1,2,A,-,17,22517,,N,D,G,A,A,H,-,A,D,0,,Y,,,Y,,D,22,0,1,0,0,0,0,1,0,0,- ,- ,37.867519378662100,-122.28727722168000,ALAMEDA,BERKELEY,-122.2869873046880,37.867221832275400
9629049,2023,2023-10-20,103,2023-08-11,2004,7,,5,5,6,103,0,0,0,,0,11,7TH ST,POTTER ST,0.00,,Y,A,-,N,,,,,,,,,,Y,3,0,1,2,A,-,1,23152,A,N,A,C,A,A,H,-,C,A,0,,,,,Y,Y,D,22,0,1,0,0,0,0,0,0,0,- ,- ,,,ALAMEDA,BERKELEY,-122.29123687744100,37.851535797119100
9629050,2023,2023-10-20,103,2023-08-11,936,121,,5,5,6,103,0,0,0,,0,9,ADELINE ST,OREGON ST,168.00,S,N,A,-,N,,,,,,,,,,N,3,0,1,2,A,-,3,22350,,N,D,G,A,A,H,-,A,A,0,,Y,,,Y,,L,4,0,1,0,0,0,0,1,0,0,- ,- ,37.857089996337900,-122.26744079589800,ALAMEDA,BERKELEY,-122.26844024658200,37.856979370117200
9629051,2023,2023-10-20,103,2023-08-08,1252,146,29,2,5,6,103,0,0,0,,0,5,MARTIN LUTHER KING JR,BLAKE ST,0.00,,Y,A,-,N,,,,,,,,,,Y,4,0,2,2,A,-,9,21801,A,N,D,C,A,A,H,-,A,D,0,,,,,Y,,A,1,0,0,2,0,0,0,0,0,0,- ,- ,37.862449645996100,-122.27200317382800,ALAMEDA,BERKELEY,-122.27201080322300,37.862442016601600
9629204,2023,2023-11-27,103,2023-09-05,453,70,,2,5,6,103,0,0,0,,0,7,ASHBY,COLLEGE,0.00,,Y,A,-,Y,ALA,4,13,-,-,11.230,I,5,N,N,4,0,1,2,A,-,12,21453,A,N,D,C,A,A,H,-,C,A,0,,,,,Y,,D,22,0,0,1,0,0,0,0,0,0,- ,- ,37.857040405273400,-122.25303649902300,ALAMEDA,BERKELEY,-122.25307464599600,37.857013702392600
9629220,2023,2023-11-07,103,2023-09-15,1607,149,38,5,5,6,103,0,0,0,,0,7,CLAREMONT AV,CLAREMONT CRES,0.00,,Y,A,-,N,,,,,,,,,,Y,3,0,2,4,A,-,9,21801,A,N,D,C,A,A,H,-,A,D,0,,,,,Y,,A,1,0,2,0,0,0,0,0,0,0,- ,- ,37.857391357421900,-122.24485015869100,ALAMEDA,BERKELEY,-122.24600219726600,37.857212066650400
9629224,2023,2023-11-06,103,2023-09-22,1609,42,,5,5,6,103,0,0,0,,0,2,HOPKINS ST,JOSEPHINE ST,0.00,,Y,A,-,N,,,,,,,,,,N,3,0,1,2,A,-,10,21950,A,N,G,B,B,A,H,-,A,D,0,Y,,,,Y,,D,22,0,1,0,0,1,0,0,0,0,- ,- ,37.884811401367200,-122.27564239502000,ALAMEDA,BERKELEY,-122.27585601806600,37.884708404541000
9629228,2023,2023-11-01,103,2023-09-25,949,S29,37,1,5,6,103,0,0,0,,0,7,TANGLEWOOD RD,CLAREMONT AV,431.00,N,N,A,-,N,,,,,,,,,,N,3,0,1,2,A,-,11,21954,A,N,G,B,E,A,H,-,-,D,0,Y,,,Y,Y,,N,60,0,1,0,0,1,0,0,0,0,- ,- ,37.861518859863300,-122.24506378173800,ALAMEDA,BERKELEY,-122.24421691894500,37.860671997070300
9629232,2023,2023-11-06,103,2023-09-26,537,124,35,2,5,6,103,0,0,0,,0,9,RUSSELL ST,ADELINE ST,0.00,,Y,C,-,N,,,,,,,,,,N,3,0,1,2,A,-,8,22107,,N,B,C,A,B,H,-,C,D,0,,,,,Y,,D,22,0,1,0,0,0,0,0,0,0,- ,- ,37.857089996337900,-122.26744079589800,ALAMEDA,BERKELEY,-122.26863861084000,37.856456756591800
9629236,2023,2023-11-06,103,2023-09-27,1828,112,,3,5,6,103,0,0,0,,0,8,ADELINE ST,OREGON ST,100.00,S,N,A,-,N,,,,,,,,,,N,2,0,1,2,A,-,8,22107,,N,B,-,A,A,H,-,A,A,0,,Y,,,Y,,D,22,1,0,0,0,0,0,1,0,0,- ,- ,37.857460021972700,-122.26808929443400,ALAMEDA,BERKELEY,-122.26837158203100,37.857158660888700
9629362,2023,2023-10-20,103,2023-08-31,1930,80,26,4,5,6,103,0,0,0,,0,1,HEARST AV,OXFORD ST,0.00,,Y,A,-,N,,,,,,,,,,N,3,0,1,2,A,-,8,22107,,N,D,G,A,A,H,-,B,A,0,,Y,,,Y,,A,1,0,1,0,0,0,0,1,0,0,- ,- ,37.874149322509800,-122.26628875732400,ALAMEDA,BERKELEY,-122.26634979248000,37.874160766601600
9629363,2023,2023-10-20,103,2023-08-31,1639,160,,4,5,6,103,0,0,0,,0,10,UNIVERSITY,CALIFORNIA,0.00,,Y,A,-,N,,,,,,,,,,Y,3,0,4,2,A,-,9,21801,A,N,D,C,A,A,H,-,A,A,0,,,,,Y,,A,1,0,4,0,0,0,0,0,0,0,- ,- ,37.870681762695300,-122.27976989746100,ALAMEDA,BERKELEY,-122.27976226806600,37.870750427246100
9629364,2023,2023-10-20,103,2023-08-31,1530,SAHOTA,22,4,5,6,103,0,0,0,,0,3,ACTON,BERKELEY,0.00,,Y,A,-,N,,,,,,,,,,N,2,0,1,2,A,-,12,22450,A,N,H,G,A,A,H,-,A,A,0,,Y,,,Y,,L,4,1,0,0,0,0,0,1,0,0,- ,- ,37.870880126953100,-122.28437042236300,ALAMEDA,BERKELEY,-122.28437805175800,37.870891571044900
9629365,2023,2023-10-20,103,2023-08-31,1259,42,,4,5,6,103,0,0,0,,0,3,UNIVERSITY,GRANT ST,20.00,W,N,A,-,N,,,,,,,,,,N,3,0,1,2,A,-,17,22517,,N,H,G,A,A,H,-,A,D,0,,Y,,,Y,,A,1,0,1,0,0,0,0,1,0,0,- ,- ,37.870960235595700,-122.27543640136700,ALAMEDA,BERKELEY,-122.27534484863300,37.871318817138700
9629366,2023,2023-10-20,103,2023-08-29,1839,144,,2,5,6,103,0,0,0,,0,1,THE ALAMEDA,CAPISTRANO,35.00,W,N,A,-,N,,,,,,,,,,Y,2,0,1,1,A,-,3,22350,,N,F,I,A,A,H,-,A,D,0,,,,,Y,,A,1,1,0,0,0,0,0,0,0,0,- ,- ,,,ALAMEDA,BERKELEY,-122.27804565429700,37.895298004150400
9629367,2023,2023-10-20,103,2023-08-29,1642,112,,2,5,6,103,0,0,0,,0,9,WOOLSEY ST,ADELINE AV,60.00,E,N,A,-,N,,,,,,,,,,Y,2,0,3,2,A,-,5,21460,A,N,A,C,A,A,H,-,A,A,0,,,,,Y,,A,7,1,2,0,0,0,0,0,0,0,- ,- ,37.851940155029300,-122.27010345459000,ALAMEDA,BERKELEY,-122.26995086669900,37.851951599121100
9629368,2023,2023-10-20,103,2023-08-29,847,37,,2,5,6,103,0,0,0,,0,5,BLAKE,MARTIN LUTHER KING JR WY,0.00,,Y,A,-,N,,,,,,,,,,N,3,0,1,2,A,-,17,21663,,N,D,G,A,A,H,-,A,A,0,,Y,,,Y,,L,4,0,1,0,0,0,0,1,0,0,- ,- ,37.862449645996100,-122.27200317382800,ALAMEDA,BERKELEY,-122.27201080322300,37.862442016601600
9629369,2023,2023-10-20,103,2023-08-28,909,112,,1,5,6,103,0,0,0,,0,5,CHANNING WY,SACRAMENTO ST,0.00,,Y,A,-,N,,,,,,,,,,N,3,0,1,2,A,-,9,21800,A,N,D,G,A,A,H,-,A,A,0,,Y,,,Y,,L,4,0,1,0,0,0,0,1,0,0,- ,- ,37.863998413085900,-122.28128814697300,ALAMEDA,BERKELEY,-122.28138732910200,37.863990783691400
9629370,2023,2023-10-20,103,2023-08-23,1540,108,,3,5,6,103,0,0,0,,0,5,KITTREDGE,MILVIA,0.00,,Y,A,-,N,,,,,,,,,,N,3,0,1,2,A,-,12,22450,A,N,D,G,A,-,H,-,A,D,0,,Y,,,Y,,L,4,0,1,0,0,0,0,1,0,0,- ,- ,37.868160247802700,-122.27034759521500,ALAMEDA,BERKELEY,-122.27037048339800,37.868137359619100
9629371,2023,2023-10-20,103,2023-08-22,1815,144,,2,5,6,103,0,0,0,,0,11,FOLGER AV,EMERYVILLE GREENWAY,0.00,,Y,A,-,N,,,,,,,,,,N,2,0,1,2,A,-,9,21804,A,N,D,G,A,-,H,-,A,D,0,,Y,,,Y,,L,4,1,0,0,0,0,0,1,0,0,- ,- ,,,ALAMEDA,BERKELEY,-122.288741,37.850466000000000
9629372,2023,2023-10-20,103,2023-08-22,557,112,,2,5,6,103,0,0,0,,0,2,HIGHLAND,HEARST AV,80.00,N,N,A,-,N,,,,,,,,,,Y,3,0,1,1,B,-,22,,,N,E,I,A,A,H,-,A,D,0,,,,,Y,,A,1,0,1,0,0,0,0,0,0,0,- ,- ,37.875679016113300,-122.25566101074200,ALAMEDA,BERKELEY,-122.25580596923800,37.875877380371100
9629373,2023,2023-10-20,103,2023-08-20,1650,61,35,7,5,6,103,0,0,0,,0,5,MARTIN LUTHER KING JR WY,BLAKE,0.00,,Y,A,-,N,,,,,,,,,,Y,3,0,1,2,A,-,9,21802,A,N,D,D,A,A,H,-,A,D,0,,,,,Y,,A,7,0,1,0,0,0,0,0,0,0,- ,- ,37.862449645996100,-122.27200317382800,ALAMEDA,BERKELEY,-122.27201080322300,37.862442016601600
9629374,2023,2023-10-20,103,2023-08-18,2252,52,,5,5,6,103,0,0,0,,0,6,BANCROFT WY,BANCROFT WY 2432,0.00,,N,A,-,N,,,,,,,,,,,2,0,1,2,A,-,11,21950,B,F,G,B,E,A,H,-,C,D,0,Y,,,,Y,Y,N,60,1,0,0,0,1,0,0,0,0,- ,- ,37.868171691894500,-122.26120758056600,ALAMEDA,BERKELEY,-122.24303436279300,37.869678497314500
9629375,2023,2023-10-20,103,2023-08-18,1029,107,20,5,5,6,103,0,0,0,,0,13,6TH,GILMAN ST,315.00,S,N,A,-,N,,,,,,,,,,Y,3,0,1,2,A,-,9,21801,,N,D,C,A,-,H,-,A,A,0,,,,,Y,,A,1,0,1,0,0,0,0,0,0,0,- ,- ,37.879371643066400,-122.30129241943400,ALAMEDA,BERKELEY,-122.30107879638700,37.878520965576200
9629376,2023,2023-10-20,103,2023-08-18,740,107,11,5,5,6,103,0,0,0,,0,1,GRIZZLY PEAK,KEELER AV,210.00,S,N,A,-,N,,,,,,,,,,N,3,0,1,2,A,-,9,21804,A,N,D,G,A,-,H,-,A,A,0,,Y,,,Y,,A,7,0,1,0,0,0,0,1,0,0,- ,- ,37.899341583252000,-122.26416778564500,ALAMEDA,BERKELEY,-122.26447296142600,37.899116516113300
9629441,2023,2023-10-26,103,2023-09-15,2200,26,,5,5,6,103,0,0,0,,0,14,GILMAN AV,EASTSHOREN HWY,0.00,,Y,A,-,N,,,,,,,,,,N,3,0,1,1,A,-,8,22107,,N,E,J,A,A,H,-,C,A,0,,,,,Y,,A,1,0,1,0,0,0,0,0,0,0,- ,- ,37.878299713134800,-122.30657196044900,ALAMEDA,BERKELEY,-122.30648040771500,37.878326416015600
9629501,2023,2023-10-25,103,2023-08-06,1755,69,23,7,5,6,103,0,0,0,,0,3,CALIFORNIA ST,UNIVERSITY AV,0.00,,Y,A,-,N,,,,,,,,,,N,2,0,1,1,A,-,3,22350,,N,E,I,A,A,H,-,A,A,0,,Y,,,Y,,L,4,1,0,0,0,0,0,1,0,0,- ,- ,37.870681762695300,-122.27976989746100,ALAMEDA,BERKELEY,-122.27976226806600,37.870750427246100
9629502,2023,2023-10-25,103,2023-08-18,640,107,13,5,5,6,103,0,0,0,,0,2,MONTEREY AV,COLUSA AV,157.00,W,N,A,-,N,,,,,,,,,,N,3,0,1,2,A,-,9,21800,A,N,B,G,A,-,H,-,B,A,0,,Y,,,Y,,A,1,0,1,0,0,0,0,1,0,0,- ,- ,37.887081146240200,-122.27921295166000,ALAMEDA,BERKELEY,-122.27951812744100,37.886589050293000
9629503,2023,2023-10-25,103,2023-08-18,128,32,,5,5,6,103,0,0,0,,0,6,SHATTUCK AV,DURANT AV,0.00,,Y,A,-,N,,,,,,,,,,Y,3,0,1,1,A,-,3,22350,,N,E,I,A,A,H,-,C,A,0,,,,,Y,,A,1,0,1,0,0,0,0,0,0,0,- ,- ,37.866691589355500,-122.26767730712900,ALAMEDA,BERKELEY,-122.26773071289100,37.866691589355500
9629504,2023,2023-10-25,103,2023-08-17,1641,160,31,4,5,6,103,0,0,0,,0,9,ALCATRAZ AV,ADELINE ST,0.00,,Y,A,-,N,,,,,,,,,,N,3,0,1,2,A,-,3,22350,,N,C,C,A,A,H,-,A,A,0,,,,,Y,,A,1,0,1,0,0,0,0,0,0,0,- ,- ,37.848751068115200,-122.27144622802700,ALAMEDA,BERKELEY,-122.27153015136700,37.848724365234400
9629505,2023,2023-10-25,103,2023-08-10,2135,46,,4,5,6,103,0,0,0,,0,3,UNIVERSITY AV,ACTON ST,0.00,,Y,A,-,N,,,,,,,,,,N,2,0,1,2,A,-,10,21950,A,N,G,B,B,-,H,-,C,A,0,Y,Y,,,Y,Y,L,4,1,0,0,0,0,0,1,0,0,- ,- ,37.870109558105500,-122.28424835205100,ALAMEDA,BERKELEY,-122.28426361084000,37.870182037353500
9629506,2023,2023-10-25,103,2023-08-10,1405,84,24,4,5,6,103,0,0,0,,0,3,UNIVERSITY AV,UNIVERSITY AV 1885,0.00,,N,A,-,N,,,,,,,,,,N,3,0,1,2,A,-,3,22350,,N,G,B,C,A,G,-,A,D,0,Y,,,,Y,,A,1,0,1,0,0,1,0,0,0,0,- ,- ,37.871528625488300,-122.27340698242200,ALAMEDA,BERKELEY,-122.273374,37.871572
9629507,2023,2023-10-25,103,2023-08-09,904,146,22,3,5,6,103,0,0,0,,0,14,CHESTNUT ST,FRANCISCO ST,0.00,,Y,A,-,N,,,,,,,,,,N,4,0,1,2,A,-,12,22450,A,N,D,G,A,A,H,-,A,A,0,,Y,,,Y,,L,4,0,0,1,0,0,0,1,0,0,- ,- ,37.873199462890600,-122.28843688964800,ALAMEDA,BERKELEY,-122.28845977783200,37.873188018798800
9629508,2023,2023-10-25,103,2023-08-06,2134,7,22,7,5,6,103,0,0,0,,0,3,UNIVERSITY AV,ACTON ST,0.00,,Y,A,-,N,,,,,,,,,,Y,3,0,1,3,A,-,1,23153,A,N,C,C,A,A,H,-,C,A,0,,,,,Y,Y,A,1,0,1,0,0,0,0,0,0,0,- ,- ,37.870128631591800,-122.28424835205100,ALAMEDA,BERKELEY,-122.28426361084000,37.870182037353500
9629512,2023,2023-10-25,103,2023-08-04,1600,56,,5,5,6,103,0,0,0,,0,1,COLUSA AV,THOUSAND OAKS BL,0.00,,Y,A,-,N,,,,,,,,,,N,3,0,1,2,A,-,12,22450,A,N,D,G,A,A,H,-,A,A,0,,Y,,,Y,,L,4,0,1,0,0,0,0,1,0,0,- ,- ,37.896541595459000,-122.28523254394500,ALAMEDA,BERKELEY,-122.28520965576200,37.896514892578100
9629580,2023,2023-10-31,103,2023-08-03,852,112,,4,5,6,103,0,0,0,,0,7,HILLEGASS,STUART ST,108.00,N,N,B,-,N,,,,,,,,,,N,2,0,1,1,A,-,3,22350,,N,E,I,A,A,H,-,A,A,0,,,,,Y,,M,94,1,0,0,0,0,0,0,0,0,- ,- ,37.860118865966800,-122.25611877441400,ALAMEDA,BERKELEY,-122.25580596923800,37.860137939453100
9629584,2023,2023-11-02,103,2023-08-03,1340,85,13,4,5,6,103,0,0,0,,0,5,MARTIN LUTHER KING JR,CENTER AV,0.00,,Y,A,-,N,,,,,,,,,,Y,4,0,1,2,A,-,8,22107,,N,A,C,A,A,H,-,A,A,0,,,,,Y,,A,1,0,0,1,0,0,0,0,0,0,- ,- ,37.86968994140630,-122.27279663085900,ALAMEDA,BERKELEY,-122.27279663085900,37.869659423828100
9629681,2023,2023-11-07,103,2023-09-13,1450,S29,,3,5,6,103,0,0,0,,0,5,DWIGHT,SHATTUCK,0.00,,Y,A,-,N,,,,,,,,,,Y,3,0,3,2,C,-,18,,,N,D,C,A,A,H,-,A,A,0,,,,,Y,,-,- ,0,3,0,0,0,0,0,0,0,- ,- ,37.863971710205100,-122.26735687255900,ALAMEDA,BERKELEY,-122.26741027832000,37.863971710205100
9629682,2023,2023-11-07,103,2023-09-16,1338,28,,6,5,6,103,0,0,0,,0,2,THE ALAMEDA,MONTEREY,0.00,,Y,A,-,N,,,,,,,,,,Y,3,0,1,2,A,-,3,22350,,N,C,C,A,A,H,-,A,A,0,,,,,Y,,A,1,0,1,0,0,0,0,0,0,0,- ,- ,37.888088226318400,-122.27638244628900,ALAMEDA,BERKELEY,-122.27641296386700,37.888046264648400
9629684,2023,2023-11-07,103,2023-09-17,2144,23,,7,5,6,103,0,0,0,,0,,BLAKE,MARTIN LUTHER KING JR,0.00,,Y,A,-,N,,,,,,,,,,N,2,0,2,2,A,-,9,21801,A,N,D,D,A,A,F,-,C,D,0,,,Y,,Y,Y,A,1,1,1,0,0,0,0,0,0,1,- ,- ,,,ALAMEDA,BERKELEY,-122.27201080322300,37.862442016601600
9629686,2023,2024-01-24,103,2023-09-08,615,42,,5,5,6,103,0,0,0,,0,3,UNIVERSITY,ACTION,0.00,,Y,A,-,N,,,,,,,,,,Y,3,0,3,2,A,-,12,21453,A,N,D,C,A,A,H,-,A,A,0,,,,,Y,,A,1,0,3,0,0,0,0,0,0,0,- ,- ,37.870109558105500,-122.28424835205100,ALAMEDA,BERKELEY,-122.28426361084000,37.870182037353500
9629761,2023,2023-10-30,103,2023-09-12,1847,112,,2,5,6,103,0,0,0,,0,5,MILVIA,HASTE,0.00,,Y,A,-,N,,,,,,,,,,N,2,0,1,2,A,-,10,21950,A,N,G,B,B,A,H,-,A,A,0,Y,,,,Y,,A,1,1,0,0,0,1,0,0,0,0,- ,- ,37.864551544189500,-122.2698974609380,ALAMEDA,BERKELEY,-122.26993560791000,37.864585876464800
9629762,2023,2023-10-27,103,2023-09-06,1825,49,,3,5,6,103,0,0,0,,0,6,HASTE,ELLSWORTH ST,0.00,,Y,A,-,N,,,,,,,,,,N,3,0,2,3,A,-,10,21950,A,N,G,B,B,A,E,H,A,A,0,Y,,,,Y,,A,1,0,2,0,0,2,0,0,0,0,- ,- ,37.865428924560500,-122.26316833496100,ALAMEDA,BERKELEY,-122.26316070556600,37.865447998046900
9629765,2023,2023-10-30,103,2023-09-11,1101,104,,1,5,6,103,0,0,0,,0,6,TELEGRAPH,BANCROFT,0.00,,Y,A,-,N,,,,,,,,,,N,3,0,1,2,A,-,17,22517,,N,E,G,A,A,H,-,A,A,0,,Y,,,Y,,A,7,0,1,0,0,0,0,1,0,0,- ,- ,37.868698120117200,-122.25914764404300,ALAMEDA,BERKELEY,-122.25920867919900,37.868732452392600
9629768,2023,2023-11-07,103,2023-09-06,1437,10,,3,5,6,103,0,0,0,,0,3,SACRAMENTO,UNIVERSITY,0.00,,Y,A,-,N,,,,,,,,,,N,3,0,1,2,A,-,3,22350,,N,C,C,A,A,H,-,A,A,0,,,,,Y,Y,A,7,0,1,0,0,0,0,0,0,0,- ,- ,37.870410919189500,-122.28193664550800,ALAMEDA,BERKELEY,-122.28204345703100,37.870460510253900
9629769,2023,2023-10-30,103,2023-09-11,930,49,,1,5,6,103,0,0,0,,0,11,SAN PABLO AV,67TH ST,14.00,N,N,A,-,N,,,,,,,,,,N,3,0,1,2,A,-,17,21235,F,N,G,B,F,A,H,-,A,A,0,Y,,,,Y,,M,94,0,1,0,0,1,0,0,0,0,- ,- ,37.850421905517600,-122.28753662109400,ALAMEDA,BERKELEY,-122.28598785400400,37.85015869140630
9629772,2023,2023-10-27,103,2023-09-06,1000,17,,3,5,6,103,0,0,0,,0,7,FULTON,DURANT,0.00,,Y,A,-,N,,,,,,,,,,,3,0,1,2,A,-,8,22107,,F,G,B,B,A,H,-,A,A,0,Y,,,,Y,,A,1,0,1,0,0,1,0,0,0,0,- ,- ,37.866928100585900,-122.26580810546900,ALAMEDA,BERKELEY,-122.26577758789100,37.866931915283200
9629773,2023,2023-10-30,103,2023-09-11,859,112,,1,5,6,103,0,0,0,,0,2,HEARST,SPRUCE ST,117.00,E,N,A,-,N,,,,,,,,,,N,2,0,1,1,A,-,3,22350,,N,E,I,A,A,H,-,A,A,0,,,,,Y,,M,94,1,0,0,0,0,0,0,0,0,- ,- ,37.874599456787100,-122.26396179199200,ALAMEDA,BERKELEY,-122.26493072509800,37.874305725097700
9629776,2023,2023-10-27,103,2023-09-01,1741,7,22,5,5,6,103,0,0,0,,0,3,UNIVERSITY,ACTION,0.00,,Y,A,-,N,,,,,,,,,,Y,3,0,2,2,A,-,12,21453,A,N,D,C,A,A,H,-,A,A,0,,,,,Y,,A,1,0,1,1,0,0,0,0,0,0,- ,- ,37.870109558105500,-122.28424835205100,ALAMEDA,BERKELEY,-122.28426361084000,37.870182037353500
9629777,2023,2023-10-30,103,2023-09-09,1400,17,,6,5,6,103,0,0,0,,0,2,HENRY,ROSE,0.00,,Y,A,-,N,,,,,,,,,,N,4,0,1,3,A,-,3,22350,,N,B,B,E,A,H,-,A,D,0,Y,,,,Y,,A,1,0,0,1,0,1,0,0,0,0,- ,- ,37.88153076171880,-122.27089691162100,ALAMEDA,BERKELEY,-122.27069854736300,37.881900787353500
9629781,2023,2023-11-07,103,2023-09-08,1925,55,,5,5,6,103,0,0,0,,0,1,MARIN,LOS ANGELES,0.00,,Y,A,-,N,,,,,,,,,,N,2,0,1,2,A,-,5,21650,,N,A,G,A,A,H,-,A,D,0,,Y,,,Y,Y,L,4,1,0,0,0,0,0,1,0,0,- ,- ,37.8902587890625,-122.27218627929700,ALAMEDA,BERKELEY,-122.272216796875,37.890186309814500
9629785,2023,2023-10-27,103,2023-09-07,2040,33,,4,5,6,103,0,0,0,,0,12,UNIVERSITY,W FRONTAGE,0.00,,Y,A,-,N,,,,,,,,,,Y,3,0,1,2,A,-,12,22450,A,N,C,C,A,A,H,-,C,A,0,,,,,Y,,A,1,0,1,0,0,0,0,0,0,0,- ,- ,37.866439819335900,-122.30555725097700,ALAMEDA,BERKELEY,-122.30553436279300,37.866348266601600
9629789,2023,2023-10-27,103,2023-09-06,2140,52,,3,5,6,103,0,0,0,,0,6,DURANT,BOWDITCH,0.00,,Y,A,-,N,,,,,,,,,,N,3,0,1,2,A,-,10,21950,A,F,G,B,B,A,H,-,C,A,0,Y,,,,Y,,A,1,0,1,0,0,1,0,0,0,0,- ,- ,37.868110656738300,-122.25670623779300,ALAMEDA,BERKELEY,-122.2567138671880,37.868110656738300
9629794,2023,2023-10-27,103,2023-09-19,1523,112,,2,5,6,103,0,0,0,,0,2,HEARST,MILVIA,0.00,,Y,A,-,N,,,,,,,,,,N,3,0,1,2,A,-,8,22107,,N,B,C,A,A,H,-,A,A,0,,,,,Y,,A,1,0,1,0,0,0,0,0,0,0,- ,- ,37.873859405517600,-122.27078247070300,ALAMEDA,BERKELEY,-122.27088928222700,37.873592376709000
9629797,2023,2023-10-30,103,2023-09-13,730,S29,20,3,5,6,103,0,0,0,,0,13,GILMAN,6TH,0.00,,Y,A,-,N,,,,,,,,,,N,3,0,2,2,A,-,12,21453,A,N,D,C,A,A,H,-,A,A,0,,,,,Y,,A,1,0,2,0,0,0,0,0,0,0,- ,- ,,,ALAMEDA,BERKELEY,-122.30135345459000,37.879360198974600
9629798,2023,2023-10-27,103,2023-09-20,1212,112,,3,5,6,103,0,0,0,,0,14,GILMAN,NORTHSIDE AV,65.00,E,N,A,-,N,,,,,,,,,,Y,4,0,1,2,A,-,17,22517,,N,B,C,A,A,H,-,A,A,0,,,,,Y,,A,1,0,0,1,0,0,0,0,0,0,- ,- ,37.880901336669900,-122.28856658935500,ALAMEDA,BERKELEY,-122.28852081298800,37.881084442138700
9629808,2023,2023-10-27,103,2023-09-30,1544,160,4004,6,5,6,103,0,0,0,,0,9,ALCATRAZ,ADELINE,0.00,,Y,A,-,N,,,,,,,,,,Y,4,0,1,2,A,-,12,21453,A,N,D,C,A,A,H,-,A,A,0,,,,,Y,,A,1,0,0,1,0,0,0,0,0,0,- ,- ,37.848751068115200,-122.27144622802700,ALAMEDA,BERKELEY,-122.27153015136700,37.848724365234400
9629809,2023,2023-10-27,103,2023-09-29,1627,42,,5,5,6,103,0,0,0,,0,2,CEDAR,SACRAMENTO ST,80.00,E,N,A,-,N,,,,,,,,,,Y,3,0,1,2,A,-,9,21804,A,N,B,C,A,A,H,-,A,D,0,,,,,Y,,A,1,0,1,0,0,0,0,0,0,0,- ,- ,37.876689910888700,-122.28265380859400,ALAMEDA,BERKELEY,-122.28246307373000,37.876701354980500
9629810,2023,2023-10-27,103,2023-09-29,1810,69,22,5,5,6,103,0,0,0,,0,3,UNIVERSITY,WEST,0.00,,Y,A,-,N,,,,,,,,,,N,3,0,1,2,A,-,12,21453,A,N,D,G,A,A,H,-,A,A,0,,Y,,,Y,,A,1,0,1,0,0,0,0,1,0,0,- ,- ,37.869819641113300,-122.28655242919900,ALAMEDA,BERKELEY,-122.28652191162100,37.869876861572300
9629811,2023,2023-10-27,103,2023-09-28,820,136,,4,5,6,103,0,0,0,,0,2,CEDAR,CALIFORNIA,0.00,,Y,A,-,N,,,,,,,,,,N,3,0,1,2,A,-,10,21950,A,N,G,B,B,A,H,-,A,D,0,Y,,,,Y,,A,1,0,1,0,0,1,0,0,0,0,- ,- ,37.876850128173800,-122.28025054931600,ALAMEDA,BERKELEY,-122.28046417236300,37.876949310302700
9629812,2023,2023-10-27,103,2023-09-27,2205,43,,3,5,6,103,0,0,0,,0,4,KITTREDGE,SHATTUCK,0.00,,Y,A,-,N,,,,,,,,,,N,3,0,1,1,A,-,3,22350,,N,H,I,A,A,H,-,C,A,0,,,Y,,Y,,C,2,0,1,0,0,0,0,0,0,1,- ,- ,37.868488311767600,-122.26786804199200,ALAMEDA,BERKELEY,-122.26793670654300,37.868480682373000
9629813,2023,2023-10-27,103,2023-09-27,1145,107,29,3,5,6,103,0,0,0,,0,5,CENTER,MILVIA,0.00,,Y,A,-,N,,,,,,,,,,N,3,0,1,2,A,-,9,21801,A,N,D,G,A,A,H,-,A,A,0,,Y,,,Y,,A,1,0,1,0,0,0,0,1,0,0,- ,- ,37.869979858398400,-122.27055358886700,ALAMEDA,BERKELEY,-122.27054595947300,37.869956970214800
9629814,2023,2023-10-27,103,2023-09-27,1120,107,35,3,5,6,103,0,0,0,,0,9,MARTIN LUTHER KING JR,STUART,0.00,,Y,A,-,N,,,,,,,,,,N,3,0,1,2,A,-,9,21802,A,N,D,C,A,A,H,-,A,A,0,,,,,Y,,A,1,0,1,0,0,0,0,0,0,0,- ,- ,37.857379913330100,-122.27168273925800,ALAMEDA,BERKELEY,-122.27152252197300,37.857959747314500
9629815,2023,2023-10-27,103,2023-09-24,1556,S19,,7,5,6,103,0,0,0,,0,1,MARIN,THE CIRCLE,0.00,,Y,A,-,N,,,,,,,,,,Y,3,0,1,2,A,-,3,22350,,N,C,C,A,A,H,-,A,A,0,,,,,Y,,A,1,0,1,0,0,0,0,0,0,0,- ,- ,37.890048980712900,-122.27249145507800,ALAMEDA,BERKELEY,-122.27249145507800,37.890052795410200
9629816,2023,2023-10-27,103,2023-09-24,1455,S27,,7,5,6,103,0,0,0,,0,11,DWIGHT CRES,10TH ST,0.00,,Y,A,-,N,,,,,,,,,,N,3,0,1,2,A,-,9,21802,A,N,D,G,A,A,-,-,A,A,0,,Y,,,Y,,L,4,0,1,0,0,0,0,1,0,0,- ,- ,37.860858917236300,-122.29070281982400,ALAMEDA,BERKELEY,-122.29071044921900,37.860866546630900
9629817,2023,2023-10-27,103,2023-09-21,2332,145,,4,5,6,103,0,0,0,,0,5,BLAKE,MARTIN LUTHER KING JR,0.00,,Y,A,-,N,,,,,,,,,,N,3,0,1,1,A,-,3,22350,,N,E,I,A,A,H,-,C,A,0,,Y,,,Y,,L,4,0,1,0,0,0,0,1,0,0,- ,- ,37.862449645996100,-122.27200317382800,ALAMEDA,BERKELEY,-122.27201080322300,37.862442016601600
9631272,2023,2023-11-13,103,2023-05-09,2233,70,,2,5,6,103,0,0,0,,0,9,ASHBY AV,MARTIN LUTHER KING JR WY,6.00,E,N,A,-,Y,ALA,4,13,-,-,12.310,H,-,N,N,3,0,1,2,A,-,3,22350,,N,C,C,A,-,H,-,C,A,0,,,Y,,Y,,A,1,0,1,0,0,0,0,0,0,1,- ,- ,37.854320526123000,-122.27108001709000,ALAMEDA,BERKELEY,-122.27091217041000,37.854312896728500
9637371,2023,2024-02-23,103,2023-10-04,1803,104,,3,5,6,103,0,0,0,,0,14,SAN PABLO AV,DELAWARE ST,0.00,,Y,A,-,Y,ALA,4,123,-,-,3.340,I,5,S,N,3,0,1,2,A,-,12,21453,A,N,D,G,A,A,H,-,A,A,0,,Y,,,Y,,A,1,0,1,0,0,0,0,1,0,0,- ,- ,37.871688842773400,-122.29296112060500,ALAMEDA,BERKELEY,-122.29305267334000,37.871688842773400
9637375,2023,2024-02-23,103,2023-10-05,1349,112,,4,5,6,103,0,0,0,,0,9,TELEGRAPH AV,RT 13,0.00,,Y,A,-,Y,ALA,4,13,-,-,11.610,I,5,S,N,2,0,1,2,A,-,9,21801,A,N,D,C,A,A,H,-,A,A,0,,,Y,,Y,,A,7,1,0,0,0,0,0,0,0,1,- ,- ,37.856189727783200,-122.25966644287100,ALAMEDA,BERKELEY,-122.25969696044900,37.856155395507800
9637418,2023,2024-02-23,103,2023-10-06,1446,26,,5,5,6,103,0,0,0,,0,11,SAN PABLO AV,CARLETON ST,0.00,,Y,A,-,Y,ALA,4,123,-,-,2.370,I,5,N,Y,3,0,1,2,A,-,9,21802,A,N,D,C,A,A,H,-,A,A,0,,,,,Y,,A,1,0,1,0,0,0,0,0,0,0,- ,- ,37.859359741210900,-122.28888702392600,ALAMEDA,BERKELEY,-122.28855895996100,37.858100891113300
9637422,2023,2024-02-23,103,2023-10-13,57,32,,5,5,6,103,0,0,0,,0,9,MARTIN LUTHER KING JR WY,ASHBY AV,0.00,,Y,A,-,Y,ALA,4,13,-,-,12.320,I,5,N,Y,2,0,2,1,A,-,3,22350,,N,E,I,A,A,H,-,C,A,0,,,,,Y,,A,1,2,0,0,0,0,0,0,0,0,- ,- ,37.854320526123000,-122.27108001709000,ALAMEDA,BERKELEY,-122.27113342285200,37.854282379150400
9637426,2023,2024-02-23,103,2023-10-17,1457,84,38,2,5,6,103,0,0,0,,0,7,TUNNEL RD,TUNNEL RD 97,0.00,,-,A,-,Y,ALA,4,13,-,-,10.460,H,-,N,Y,3,0,2,2,A,-,3,22350,,N,A,C,A,A,H,-,A,D,0,,,,,Y,,A,1,0,2,0,0,0,0,0,0,0,- ,- ,37.862701416015600,-122.24033355712900,ALAMEDA,BERKELEY,-122.240478515625,37.856105804443400
9637430,2023,2024-02-23,103,2023-10-18,1148,144,,3,5,6,103,0,0,0,,0,11,SAN PABLO AV,RUSSELL,0.00,,Y,A,-,Y,ALA,4,123,-,-,2.020,I,5,S,N,3,0,1,2,A,-,3,22350,,N,C,C,A,A,H,-,A,D,0,,,Y,,Y,,C,2,0,1,0,0,0,0,0,0,1,- ,- ,,,ALAMEDA,BERKELEY,-122.28726959228500,37.853588104248000
9637434,2023,2024-02-23,103,2023-10-21,1134,61,32,6,5,6,103,0,0,0,,0,11,SAN PABLO AV,CHANNING WY,0.00,,Y,A,-,Y,ALA,4,123,-,-,2.700,I,5,S,N,3,0,1,2,A,-,9,21802,,N,G,C,A,A,H,-,A,D,0,,,,,Y,,M,94,0,1,0,0,0,0,0,0,0,- ,- ,37.862850189209000,-122.29010772705100,ALAMEDA,BERKELEY,-122.29021453857400,37.862869262695300
9637438,2023,2024-02-23,103,2023-10-27,1929,110,,5,5,6,103,0,0,0,,0,9,ASHBY AV,SHATTUCK AV,0.00,,Y,A,-,Y,ALA,4,13,-,-,12.058,I,5,S,Y,4,0,1,2,A,-,8,22107,,N,D,D,A,A,H,-,C,A,0,,,,,Y,,A,1,0,0,1,0,0,0,0,0,0,- ,- ,37.855300903320300,-122.26648712158200,ALAMEDA,BERKELEY,-122.26652526855500,37.855300903320300
9641152,2023,2024-02-23,103,2023-10-03,854,112,,2,5,6,103,0,0,0,,0,12,RT 123,CHANNING WY,0.00,,Y,A,-,Y,ALA,4,123,-,-,2.700,I,5,S,Y,3,0,1,3,A,-,3,22350,,F,C,C,A,-,H,-,A,A,0,,,,,Y,,D,22,0,1,0,0,0,0,0,0,0,- ,- ,37.862850189209000,-122.29010772705100,ALAMEDA,BERKELEY,-122.29021453857400,37.862869262695300
9641156,2023,2023-12-07,103,2023-10-03,935,141,,2,5,6,103,0,0,0,,0,5,MILVIA ST,CHANNING WY,0.00,,Y,A,-,N,,,,,,,,,,N,3,0,1,2,A,-,12,22450,A,N,D,G,A,A,H,-,A,D,0,,Y,,,Y,,-,- ,0,1,0,0,0,0,1,0,0,- ,- ,37.865451812744100,-122.26999664306600,ALAMEDA,BERKELEY,-122.27005767822300,37.865447998046900
9641160,2023,2023-12-07,103,2023-10-04,1145,94,26,3,5,6,103,0,0,0,,0,6,BANCROFT,DANA,216.00,W,N,A,-,N,,,,,,,,,,N,3,0,1,2,A,-,8,22107,,N,D,B,E,A,H,-,A,D,0,Y,,,,Y,,D,22,0,1,0,0,1,0,0,0,0,- ,- ,37.868408203125,-122.26145172119100,ALAMEDA,BERKELEY,-122.26219940185500,37.868339538574200
9641381,2023,2023-12-23,103,2023-10-31,1822,7,33,2,5,6,103,0,0,0,,0,10,DERBY,MABEL ST,142.00,W,N,A,-,N,,,,,,,,,,N,2,0,1,2,A,-,11,21950,B,F,G,B,D,A,H,-,B,A,0,Y,,,,Y,,N,60,1,0,0,0,1,0,0,0,0,- ,- ,37.858219146728500,-122.28553009033200,ALAMEDA,BERKELEY,-122.28520965576200,37.858043670654300
9641382,2023,2023-12-30,103,2023-10-21,1710,7,,6,5,6,103,0,0,0,,0,2,HEARST AV,CALIFORNIA ST,180.00,W,N,A,-,N,,,,,,,,,,Y,3,0,1,4,A,-,1,23152,A,M,C,E,A,A,H,-,A,D,0,,,,,Y,Y,A,1,0,1,0,0,0,0,0,0,0,- ,- ,37.872238159179700,-122.28163146972700,ALAMEDA,BERKELEY,-122.28057098388700,37.872352600097700
9641383,2023,2023-12-30,103,2023-10-29,2133,20,28,7,5,6,103,0,0,0,,0,6,DURANT AV,TELEGRAPH AV,0.00,,Y,A,-,N,,,,,,,,,,Y,3,0,2,2,A,-,12,21453,A,N,D,C,A,A,H,-,C,A,0,,,,,Y,,A,1,0,2,0,0,0,0,0,0,0,- ,- ,37.867809295654300,-122.25897979736300,ALAMEDA,BERKELEY,-122.25901794433600,37.867805480957000
9641384,2023,2023-12-23,103,2023-10-30,1630,,,1,5,6,103,0,0,0,,0,5,ALLSTON WY,GRANT ST,0.00,,Y,A,-,N,,,,,,,,,,N,3,0,1,1,A,-,3,22350,,N,E,I,A,-,H,-,A,D,0,,,,,Y,,M,94,0,1,0,0,0,0,0,0,0,- ,- ,37.867630004882800,-122.28060150146500,ALAMEDA,BERKELEY,-122.27507019043000,37.868446350097700
9641385,2023,2023-12-30,103,2023-10-27,1230,150,,5,5,6,103,0,0,0,,0,6,FULTON ST,CHANNING WY,0.00,,Y,A,-,N,,,,,,,,,,Y,3,0,1,2,A,-,3,22350,,N,D,C,A,A,H,-,A,A,0,,,,,Y,,A,1,0,1,0,0,0,0,0,0,0,- ,- ,37.8603515625,-122.26561737060500,ALAMEDA,BERKELEY,-122.26561737060500,37.866031646728500
9641386,2023,2023-12-30,103,2023-10-28,2329,10,32,6,5,6,103,0,0,0,,0,12,ADDISON ST,6TH ST,0.00,,Y,A,-,N,,,,,,,,,,N,3,0,1,2,A,-,4,21703,,N,C,C,A,A,H,-,B,D,0,,,,,Y,,A,1,0,1,0,0,0,0,0,0,0,- ,- ,37.866710662841800,-122.29724884033200,ALAMEDA,BERKELEY,-122.29727172851600,37.866706848144500
9641387,2023,2023-12-30,103,2023-10-26,1347,112,,4,5,6,103,0,0,0,,0,2,HEARST AV,WALNUT ST,100.00,E,N,A,-,N,,,,,,,,,,N,2,0,1,2,A,-,11,21950,B,N,G,B,D,A,H,-,A,A,0,Y,Y,,,Y,,N,60,1,0,0,0,0,0,1,0,0,- ,- ,37.874179840087900,-122.26802062988300,ALAMEDA,BERKELEY,-122.26715850830100,37.874038696289100
9641388,2023,2023-12-30,103,2023-10-27,101,145,,5,5,6,103,0,0,0,,0,5,SHATTUCK AV,DWIGHT WY,0.00,,Y,A,-,N,,,,,,,,,,N,3,0,1,2,A,-,12,21457,A,N,D,C,A,A,H,-,C,A,0,,,,,Y,,A,1,0,1,0,0,0,0,0,0,0,- ,- ,37.863971710205100,-122.26735687255900,ALAMEDA,BERKELEY,-122.26741027832000,37.863971710205100
9641389,2023,2023-12-30,103,2023-10-26,816,112,,4,5,6,103,0,0,0,,0,9,MILVIA ST,STUART ST,0.00,,Y,A,-,N,,,,,,,,,,N,2,0,1,2,A,-,12,22450,A,N,D,G,A,A,H,-,A,A,0,,Y,,,Y,,L,4,1,0,0,0,0,0,1,0,0,- ,- ,37.858219146728500,-122.26923370361300,ALAMEDA,BERKELEY,-122.26924133300800,37.858211517334000
9641390,2023,2023-12-30,103,2023-10-26,1039,110,,4,5,6,103,0,0,0,,0,9,ALCATRAZ AV,ADELINE ST,0.00,,Y,A,-,N,,,,,,,,,,N,3,0,1,2,A,-,8,22107,,F,D,G,A,A,H,-,A,A,0,,Y,,,Y,,A,1,0,1,0,0,0,0,1,0,0,- ,- ,37.848751068115200,-122.27144622802700,ALAMEDA,BERKELEY,-122.27153015136700,37.848724365234400
9641391,2023,2023-12-23,103,2023-10-24,812,22,4001,2,5,6,103,0,0,0,,0,10,FAIRVIEW ST,CALIFORNIA ST,0.00,,Y,B,-,N,,,,,,,,,,N,3,0,1,2,A,-,12,22450,A,F,D,G,A,A,H,-,A,A,0,,Y,,,Y,,A,1,0,1,0,0,0,0,1,0,0,- ,- ,37.850181579589800,-122.27603149414100,ALAMEDA,BERKELEY,-122.2762451171880,37.849971771240200
9641392,2023,2023-12-30,103,2023-10-25,1010,107,3902,3,5,6,103,0,0,0,,0,8,ASHBY AV,COLBY ST,0.00,,Y,A,-,N,,,,,,,,,,Y,3,0,2,2,A,-,9,21801,A,N,D,C,A,A,H,-,A,A,0,,,,,Y,,A,1,0,2,0,0,0,0,0,0,0,- ,- ,37.856590270996100,-122.25711059570300,ALAMEDA,BERKELEY,-122.25794982910200,37.856410980224600
9641393,2023,2023-12-30,103,2023-10-21,209,20,,6,5,6,103,0,0,0,,0,6,CHANNING WY,DANA ST,0.00,,Y,A,-,N,,,,,,,,,,N,3,0,2,2,A,-,4,21703,,F,C,C,A,A,H,-,C,D,0,,,,,Y,,-,99,0,2,0,0,0,0,0,0,0,- ,- ,37.866611480712900,-122.26109313964800,ALAMEDA,BERKELEY,-122.26107025146500,37.866619110107400
9641394,2023,2023-12-30,103,2023-10-21,1439,S32,,6,5,6,103,0,0,0,,0,3,MLK JR,HEARST AV,0.00,,Y,A,-,N,,,,,,,,,,N,3,0,1,2,D,-,0,,,N,B,C,A,A,H,-,A,A,0,,,Y,,Y,,-,- ,0,1,0,0,0,0,0,0,1,- ,- ,37.873310089111300,-122.27320098877000,ALAMEDA,BERKELEY,-122.27320098877000,37.873332977294900
9641395,2023,2023-12-30,103,2023-10-19,900,145,,4,5,6,103,0,0,0,,0,9,MARTIN LUTHER KING JR WY,STUART ST,95.00,S,N,A,-,N,,,,,,,,,,Y,3,0,1,2,A,-,3,22350,,N,E,E,A,A,H,-,A,D,0,,,,,Y,,A,1,0,1,0,0,0,0,0,0,0,- ,- ,37.857490539550800,-122.27168273925800,ALAMEDA,BERKELEY,-122.27149200439500,37.857700347900400
9641396,2023,2023-12-30,103,2023-10-19,1720,149,3602,4,5,6,103,0,0,0,,0,8,TELEGRAPH AV,PARKER ST,0.00,,Y,A,-,N,,,,,,,,,,N,3,0,1,2,A,-,5,21202,A,N,D,G,A,-,H,-,-,D,0,,Y,,,Y,Y,L,4,0,1,0,0,0,0,1,0,0,- ,- ,37.863258361816400,-122.25868988037100,ALAMEDA,BERKELEY,-122.25871276855500,37.863235473632800
9641397,2023,2023-12-30,103,2023-10-18,1521,144,,3,5,6,103,0,0,0,,0,11,7TH ST,POTTER ST,0.00,,Y,A,-,N,,,,,,,,,,N,3,0,1,2,A,-,3,22350,,F,C,C,A,A,H,-,-,A,0,,,,,Y,,A,1,0,1,0,0,0,0,0,0,0,- ,- ,,,ALAMEDA,BERKELEY,-122.29123687744100,37.851535797119100
9641398,2023,2024-01-11,103,2023-10-18,1747,104,,3,5,6,103,0,0,0,,0,3,SAN PABLO AV,UNIVERSITY AV,0.00,,Y,A,-,Y,ALA,4,123,-,-,3.160,H,-,S,N,3,0,1,2,A,-,3,22350,,F,C,C,A,A,H,-,A,A,0,,,,,Y,,A,1,0,1,0,0,0,0,0,0,0,- ,- ,37.869098663330100,-122.29212188720700,ALAMEDA,BERKELEY,-122.29228973388700,37.869247436523400
9641399,2023,2023-12-30,103,2023-10-17,1648,122,,2,5,6,103,0,0,0,,0,1,ROSE ST,SHATTUCK AV,0.00,,Y,A,-,N,,,,,,,,,,N,3,0,1,2,A,-,17,22517,,N,H,G,A,A,H,-,A,D,0,,Y,,,Y,,A,1,0,1,0,0,0,0,1,0,0,- ,- ,37.88201904296880,-122.26953887939500,ALAMEDA,BERKELEY,-122.26953887939500,37.882026672363300
9641400,2023,2023-12-30,103,2023-10-18,927,160,34,3,5,6,103,0,0,0,,0,9,ASHBY AV,KING ST,0.00,,Y,A,-,N,,,,,,,,,,N,3,0,1,2,A,-,10,21950,A,F,G,B,B,A,H,-,A,A,0,Y,,,,Y,Y,-,99,0,1,0,0,1,0,0,0,0,- ,- ,37.853900909423800,-122.27423858642600,ALAMEDA,BERKELEY,-122.27423858642600,37.853900909423800
9641401,2023,2023-12-12,103,2023-10-13,619,55,40,5,5,6,103,0,0,0,,0,10,ALCATRAZ,SACRAMENTO,0.00,,Y,A,-,N,,,,,,,,,,N,4,0,1,2,A,-,9,21801,A,F,A,C,A,A,H,-,C,A,0,,,,,Y,,A,1,0,0,1,0,0,0,0,0,0,- ,- ,37.847900390625,-122.27774047851600,ALAMEDA,BERKELEY,-122.27783966064500,37.847915649414100
9641402,2023,2023-12-12,103,2023-10-13,936,112,,5,5,6,103,0,0,0,,0,13,6TH,HEARST AV,110.00,N,N,A,-,N,,,,,,,,,,N,4,0,1,2,A,-,21,22106,,N,D,C,A,A,H,-,A,A,0,,,,,Y,,A,1,0,0,1,0,0,0,0,0,0,- ,- ,37.870250701904300,-122.29843139648400,ALAMEDA,BERKELEY,-122.29819488525400,37.869609832763700
9641403,2023,2023-12-18,103,2023-10-17,917,150,,2,5,6,103,0,0,0,,0,12,SAN PABLO,ADDISON,0.00,,Y,A,-,Y,ALA,4,123,-,-,3.080,I,5,N,N,3,0,1,2,A,-,10,21950,A,N,G,B,B,A,H,-,A,A,0,Y,,,,Y,,A,1,0,1,0,0,1,0,0,0,0,- ,- ,37.868148803710900,-122.29151153564500,ALAMEDA,BERKELEY,-122.29180145263700,37.868129730224600
9641404,2023,2023-12-12,103,2023-10-12,909,112,,4,5,6,103,0,0,0,,0,9,SHATTUCK,DERBY,0.00,,Y,A,-,N,,,,,,,,,,N,4,0,1,2,A,-,4,21703,,N,C,C,A,A,H,-,A,A,0,,,,,Y,,A,7,0,0,1,0,0,0,0,0,0,- ,- ,37.859268188476600,-122.22673797607400,ALAMEDA,BERKELEY,-122.26712036132800,37.860336303710900
9641405,2023,2023-12-12,103,2023-10-10,1640,99,21,2,5,6,103,0,0,0,,0,13,10TH,DELAWARE,0.00,,Y,B,-,N,,,,,,,,,,N,3,0,1,2,A,-,12,22450,A,N,D,G,A,A,H,-,A,A,0,,Y,,,Y,,L,4,0,1,0,0,0,0,1,0,0,- ,- ,37.8714599609375,-122.22940826416000,ALAMEDA,BERKELEY,-122.29410552978500,37.871414184570300
9641406,2023,2023-12-12,103,2023-10-11,1740,61,28,3,5,6,103,0,0,0,,0,6,DWIGHT,TELEGRAPH,0.00,,Y,A,-,N,,,,,,,,,,N,3,0,1,2,A,-,10,21950,A,N,G,B,B,A,H,-,A,A,0,Y,,,,Y,,A,1,0,1,0,0,1,0,0,0,0,- ,- ,37.865131378173800,-122.25840759277300,ALAMEDA,BERKELEY,-122.25847625732400,37.865104675293000
9641407,2023,2023-12-12,103,2023-10-10,131,32,28,2,5,6,103,0,0,0,,0,5,HASTE,ATHERTON PL,0.00,,Y,A,-,N,,,,,,,,,,N,2,0,1,1,A,-,3,22350,,N,E,I,A,-,A,-,C,D,0,,,,,Y,Y,-,,1,0,0,0,0,0,0,0,0,- ,- ,37.865058898925800,-122.26432800293000,ALAMEDA,BERKELEY,-122.26435852050800,37.865322113037100
9641408,2023,2023-12-12,103,2023-10-10,1240,122,,2,5,6,103,0,0,0,,0,1,VIRGINIA ST,SPRUCE ST,0.00,,Y,A,-,N,,,,,,,,,,N,4,0,1,2,A,-,9,21804,A,N,B,C,A,-,-,-,A,D,0,,,,,Y,,A,1,0,0,1,0,0,0,0,0,0,- ,- ,37.877849578857400,-122.22653961181600,ALAMEDA,BERKELEY,-122.26560974121100,37.877002716064500
9641409,2023,2023-12-12,103,2023-10-02,1905,57,,1,5,6,103,0,0,0,,0,9,ADELINE,STUART,0.00,,Y,A,-,N,,,,,,,,,,N,2,0,2,2,A,-,9,21802,A,N,D,C,A,A,H,-,C,A,0,,,Y,,Y,,A,1,1,1,0,0,0,0,0,0,2,- ,- ,37.858421325683600,-122.26773071289100,ALAMEDA,BERKELEY,-122.26789855957000,37.858390808105500
9641410,2023,2023-12-12,103,2023-10-07,1106,13,,6,5,6,103,0,0,0,,0,10,ADELINE,OREGON,0.00,,Y,A,-,N,,,,,,,,,,,2,0,2,2,A,-,12,21453,A,N,F,C,A,A,H,-,A,A,0,,,,,Y,,A,7,2,0,0,0,0,0,0,0,0,- ,- ,37.857460021972700,-122.26808929443400,ALAMEDA,BERKELEY,-122.26827239990200,37.857421875
9641411,2023,2023-12-12,103,2023-10-03,1536,85,,2,5,6,103,0,0,0,,0,8,TELEGRAPH,PARKER AV,0.00,,Y,A,-,N,,,,,,,,,,N,3,0,1,2,A,-,8,22107,,N,D,B,B,A,H,-,A,A,0,Y,,,,Y,,A,1,0,1,0,0,1,0,0,0,0,- ,- ,37.863258361816400,-122.25868988037100,ALAMEDA,BERKELEY,-122.25871276855500,37.863235473632800
9641412,2023,2023-12-12,103,2023-10-03,1410,104,,2,5,6,103,0,0,0,,0,7,WARRING,PARKER,0.00,,Y,A,-,N,,,,,,,,,,N,3,0,1,2,A,-,11,21950,B,N,G,B,D,A,H,-,A,A,0,Y,,,,Y,,N,60,0,1,0,0,1,0,0,0,0,- ,- ,37.862308502197300,-122.25009918212900,ALAMEDA,BERKELEY,-122.25028228759800,37.8641357421875
9641413,2023,2023-12-12,103,2023-10-05,1909,30,,4,5,6,103,0,0,0,,0,2,CEDAR,SACRAMENTO,0.00,,Y,A,-,N,,,,,,,,,,Y,3,0,3,2,A,-,9,21801,A,N,D,C,A,A,H,-,B,A,0,,,,,Y,,A,1,0,3,0,0,0,0,0,0,0,- ,- ,37.876689910888700,-122.28265380859400,ALAMEDA,BERKELEY,-122.28273773193400,37.876678466796900
9641415,2023,2023-12-12,103,2023-10-06,2157,23,29,5,5,6,103,0,0,0,,0,5,MILVIA,ADDISON,0.00,,Y,A,-,N,,,,,,,,,,N,3,0,1,1,A,-,3,22350,,N,E,I,A,A,H,-,C,A,0,,,,,Y,,M,94,0,1,0,0,0,0,0,0,0,- ,- ,37.870571136474600,-122.27118682861300,ALAMEDA,BERKELEY,-122.2706298828130,37.870857238769500
9641416,2023,2023-12-12,103,2023-10-06,1350,42,,5,5,6,103,0,0,0,,0,1,MARIN AV,MARIN CIR,0.00,,Y,A,-,N,,,,,,,,,,N,3,0,1,2,C,-,18,,,N,C,C,A,A,H,-,A,A,0,,,,,Y,,-,- ,0,1,0,0,0,0,0,0,0,- ,- ,37.890048980712900,-122.27249145507800,ALAMEDA,BERKELEY,-122.53974914550800,37.879009246826200
9641417,2023,2023-12-12,103,2023-10-10,924,101,,2,5,6,103,0,0,0,,0,14,CEDAR,WEST,0.00,,Y,A,-,N,,,,,,,,,,N,3,0,1,2,A,-,3,22350,,N,D,G,A,-,H,-,A,D,0,,Y,,,Y,,A,1,0,1,0,0,0,0,1,0,0,- ,- ,,,ALAMEDA,BERKELEY,,
9641418,2023,2023-12-12,103,2023-10-09,1817,30,,1,5,6,103,0,0,0,,0,2,CEDAR,SHATTUCK,0.00,,Y,A,-,N,,,,,,,,,,N,2,0,1,1,A,-,3,22350,,N,F,J,A,A,A,D,A,D,0,,Y,,,Y,,L,4,1,0,0,0,0,0,1,0,0,- ,- ,37.878421783447300,-122.26909637451200,ALAMEDA,BERKELEY,-122.26914215087900,37.878406524658200
9641419,2023,2023-12-12,103,2023-10-01,2339,20,28,7,5,6,103,0,0,0,,0,6,DURANT,BOWDITCH ST,0.00,,Y,A,-,N,,,,,,,,,,Y,4,0,1,2,A,-,8,22107,,N,B,C,A,A,H,-,C,D,0,,,,,Y,,A,1,0,0,1,0,0,0,0,0,0,- ,- ,37.867870330810500,-122.25827789306600,ALAMEDA,BERKELEY,-122.2567138671880,37.868110656738300
9641420,2023,2023-12-12,103,2023-10-14,321,80,30,6,5,6,103,0,0,0,,0,5,SACRAMENTO,DWIGHT,0.00,,Y,A,-,N,,,,,,,,,,Y,3,0,1,1,A,-,1,23152,B,N,E,I,A,A,H,-,C,A,0,,,,,Y,,A,1,0,1,0,0,0,0,0,0,0,- ,- ,37.862201690673800,-122.28108978271500,ALAMEDA,BERKELEY,-122.28118896484400,37.862190246582000
9641479,2023,2023-12-08,103,2023-09-28,418,70,,4,5,6,103,0,0,0,,0,12,UNIVERSITY,W FRONTAGE RD,840.00,E,N,A,-,N,,,,,,,,,,Y,3,0,1,1,A,-,8,22107,,N,E,I,A,A,H,-,C,D,0,,,,,Y,,A,1,0,1,0,0,0,0,0,0,0,- ,- ,37.8668212890625,-122.30371856689500,ALAMEDA,BERKELEY,-122.30272674560500,37.866962432861300
9641480,2023,2023-12-08,103,2023-09-30,2015,44,,6,5,6,103,0,0,0,,0,4,SHATTUCK,BERKELEY,0.00,,Y,A,-,N,,,,,,,,,,N,3,0,1,2,A,-,10,21950,A,N,G,B,B,A,H,-,C,D,0,Y,,,,Y,,A,1,0,1,0,0,1,0,0,0,0,- ,- ,37.872978210449200,-122.26847839355500,ALAMEDA,BERKELEY,-122.26847839355500,37.873016357421900
9650821,2023,2024-01-13,103,2023-11-02,1510,30,,4,5,6,103,0,0,0,,0,2,MARIN,ARLINGTON,0.00,,Y,A,-,N,,,,,,,,,,N,3,0,1,2,A,-,3,22350,,F,C,C,A,A,H,-,A,D,0,,,,,Y,,A,8,0,1,0,0,0,0,0,0,0,- ,- ,37.889640808105500,-122.27269744873000,ALAMEDA,BERKELEY,-122.27227020263700,37.890251159668000
9650822,2023,2024-01-13,103,2023-11-03,1149,107,16,5,5,6,103,0,0,0,,0,1,SPRUCE,LOS ANGELES AV,217.00,S,N,A,-,N,,,,,,,,,,N,3,0,1,2,A,-,8,22107,,N,B,G,A,-,H,-,-,A,0,,Y,,,Y,,A,8,0,1,0,0,0,0,1,0,0,- ,- ,37.887481689453100,-122.26706695556600,ALAMEDA,BERKELEY,-122.26682281494100,37.887626647949200
9650823,2023,2024-01-13,103,2023-11-01,900,42,,3,5,6,103,0,0,0,,0,3,MCGEE,BERKELEY,0.00,,Y,A,-,N,,,,,,,,,,Y,3,0,1,2,A,-,9,21802,A,N,B,C,A,A,H,-,A,A,0,,,,,Y,,A,1,0,1,0,0,0,0,0,0,0,- ,- ,37.871868133544900,-122.27761077880900,ALAMEDA,BERKELEY,-122.27761840820300,37.871875762939500
9650824,2023,2024-01-13,103,2023-11-02,556,24,,4,5,6,103,0,0,0,,0,7,DERBY,CLAREMONT BL,12.00,E,N,A,-,N,,,,,,,,,,N,3,0,1,3,A,-,3,22350,,F,C,C,A,A,H,-,C,A,0,,,,,Y,,A,7,0,1,0,0,0,0,0,0,0,- ,- ,37.862480163574200,-122.24706268310500,ALAMEDA,BERKELEY,-122.24701690673800,37.862491607666000
9650825,2023,2024-01-19,103,2023-11-03,1530,149,39,5,5,6,103,0,0,0,,0,7,ASHBY,HILLEGASS,0.00,,Y,A,-,Y,ALA,4,13,-,-,11.370,I,5,N,N,3,0,1,2,A,-,10,21950,A,N,G,B,B,A,H,-,A,A,0,Y,,,,Y,,A,8,0,1,0,0,1,0,0,0,0,- ,- ,37.856731414794900,-122.2554931640630,ALAMEDA,BERKELEY,-122.25550079345700,37.856735229492200
9650826,2023,2024-01-13,103,2023-11-03,1244,107,13,5,5,6,103,0,0,0,,0,1,COLUSA,MARIN,0.00,,Y,A,-,N,,,,,,,,,,Y,3,0,2,2,A,-,12,21453,A,N,D,C,A,A,A,H,A,A,0,,,,,Y,,A,1,0,2,0,0,0,0,0,0,0,- ,- ,37.889598846435500,-122.27896881103500,ALAMEDA,BERKELEY,-122.27887725830100,37.889560699462900
9650827,2023,2024-01-13,103,2023-11-04,1814,99,24,6,5,6,103,0,0,0,,0,4,UNIVERSITY,SHATTUCK,0.00,,Y,A,-,N,,,,,,,,,,N,3,0,1,2,A,-,21,22106,,N,G,B,E,A,H,-,B,D,0,Y,,,,Y,,A,1,0,1,0,0,1,0,0,0,0,- ,- ,37.872150421142600,-122.26840972900400,ALAMEDA,BERKELEY,-122.26841735839800,37.872100830078100
9650828,2023,2024-01-13,103,2023-11-03,2030,4,20,5,5,6,103,0,0,0,,0,13,VIRGINIA,4TH,0.00,,Y,A,-,N,,,,,,,,,,Y,2,0,1,2,A,-,12,22450,A,N,D,C,A,A,H,-,D,A,0,,,,,Y,,A,8,1,0,0,0,0,0,0,0,0,- ,- ,37.871879577636700,-122.30123901367200,ALAMEDA,BERKELEY,-122.30123901367200,37.871875762939500
9650829,2023,2024-01-13,103,2023-11-07,1249,146,,2,5,6,103,0,0,0,,0,6,BLAKE,FULTON ST,180.00,E,N,A,-,N,,,,,,,,,,N,2,0,1,2,A,-,9,21804,A,N,A,G,A,A,H,-,A,D,0,,Y,,,Y,,L,4,1,0,0,0,0,0,1,0,0,- ,- ,37.86370849609380,-122.26441192627000,ALAMEDA,BERKELEY,-122.26443481445300,37.863433837890600
9650830,2023,2024-01-13,103,2023-11-04,1910,109,40,6,5,6,103,0,0,0,,0,10,SACRAMENTO,ALCATRAZ,0.00,,Y,A,-,N,,,,,,,,,,Y,4,0,2,2,A,-,9,21801,A,N,A,C,A,A,H,-,C,A,0,,,,,Y,,A,1,0,0,2,0,0,0,0,0,0,- ,- ,37.848201751709000,-122.27757263183600,ALAMEDA,BERKELEY,-122.27783966064500,37.847915649414100
9650831,2023,2024-01-13,103,2023-11-10,1854,23,,5,5,6,103,0,0,0,,0,5,MILVIA,BLAKE,0.00,,Y,A,-,N,,,,,,,,,,,3,0,1,1,A,-,3,22350,,N,E,I,A,B,A,H,C,A,0,,,,,Y,,M,94,0,1,0,0,0,0,0,0,0,- ,- ,37.862739562988300,-122.26970672607400,ALAMEDA,BERKELEY,-122.26975250244100,37.862758636474600
9650832,2023,2024-01-13,103,2023-11-10,1717,149,37,5,5,6,103,0,0,0,,0,7,COLLEGE,PARKER ST,127.00,N,N,A,-,N,,,,,,,,,,N,3,0,1,2,A,-,11,21954,A,N,G,B,E,A,H,-,B,D,0,Y,,,,Y,,N,60,0,1,0,0,1,0,0,0,0,- ,- ,37.864368438720700,-122.25411224365200,ALAMEDA,BERKELEY,-122.25375366210900,37.8642578125
9650833,2023,2024-01-13,103,2023-11-12,1930,20,,7,5,6,103,0,0,0,,0,6,DANA,HASTE,0.00,,Y,A,-,N,,,,,,,,,,N,3,0,1,2,A,-,10,21950,A,N,G,B,B,A,H,-,C,A,0,Y,,,,Y,,A,1,0,1,0,0,1,0,0,0,0,- ,- ,37.865718841552700,-122.26090240478500,ALAMEDA,BERKELEY,-122.26087951660200,37.865779876709000
9650834,2023,2024-01-13,103,2023-11-11,2337,20,,6,5,6,103,0,0,0,,0,6,SHATTUCK,BLAKE,0.00,,Y,A,-,N,,,,,,,,,,Y,2,0,2,2,A,-,1,23153,F,N,A,C,A,A,H,-,C,D,0,,,,,Y,,A,7,2,0,0,0,0,0,0,0,0,- ,- ,37.863960266113300,-122.2623291015630,ALAMEDA,BERKELEY,-122.26731109619100,37.863063812255900
9650835,2023,2024-01-13,103,2023-11-14,1841,22,25,2,5,6,103,0,0,0,,0,1,EUCLID,VIRGINIA ST,0.00,,Y,A,-,N,,,,,,,,,,N,3,0,1,2,A,-,10,21950,A,N,D,B,B,A,H,-,C,A,0,Y,,,,Y,,A,1,0,1,0,0,1,0,0,0,0,- ,- ,37.877788543701200,-122.26068878173800,ALAMEDA,BERKELEY,-122.26069641113300,37.877777099609400
9650836,2023,2024-01-13,103,2023-11-13,1920,155,,1,5,6,103,0,0,0,,0,14,GILMAN,CURTIS,0.00,,Y,A,-,N,,,,,,,,,,N,3,0,1,2,A,-,10,21950,A,N,D,B,B,A,H,-,C,D,0,Y,,,,Y,,A,1,0,1,0,0,1,0,0,0,0,- ,- ,37.881439208984400,-122.29000854492200,ALAMEDA,BERKELEY,-122.28998565673800,37.881431579589800
9650837,2023,2024-01-13,103,2023-11-16,1200,28,,4,5,6,103,0,0,0,,0,2,SHATTUCK,LINCOLN AV,0.00,,Y,A,-,N,,,,,,,,,,Y,3,0,2,2,A,-,3,22350,,N,C,C,A,A,H,-,A,A,0,,,,,Y,,A,1,0,2,0,0,0,0,0,0,0,- ,- ,37.877510070800800,-122.26899719238300,ALAMEDA,BERKELEY,-122.26905059814500,37.877479553222700
9650838,2023,2024-01-13,103,2023-11-15,1807,30,,3,5,6,103,0,0,0,,0,2,WALNUT ST,WALNUT ST 1619,0.00,,-,C,-,N,,,,,,,,,,N,4,0,1,2,A,-,11,21954,A,N,G,B,D,B,H,-,C,D,0,Y,Y,,,Y,,N,60,0,0,1,0,1,0,0,0,0,- ,- ,37.877891540527300,-122.26766204834000,ALAMEDA,BERKELEY,-122.05405426025400,37.11407470703130
9650839,2023,2024-01-13,103,2023-11-17,36,145,,5,5,6,103,0,0,0,,0,6,BOWDITCH,DURANT,0.00,,Y,C,-,N,,,,,,,,,,N,2,0,1,2,A,-,8,22107,,N,H,C,A,B,H,-,C,B,0,,,,,Y,,M,94,1,0,0,0,0,0,0,0,0,- ,- ,37.868110656738300,-122.25670623779300,ALAMEDA,BERKELEY,-122.2567138671880,37.868110656738300
9650840,2023,2024-01-13,103,2023-11-16,1220,122,,4,5,6,103,0,0,0,,0,3,UNIVERSITY,SACRAMENTO,0.00,,Y,A,-,N,,,,,,,,,,N,3,0,1,2,A,-,3,22350,,N,C,C,A,A,H,-,A,D,0,,,,,Y,,A,1,0,1,0,0,0,0,0,0,0,- ,- ,37.870410919189500,-122.28193664550800,ALAMEDA,BERKELEY,-122.28204345703100,37.870460510253900
9650843,2023,2024-01-13,103,2023-11-30,1214,104,,4,5,6,103,0,0,0,,0,13,CEDAR,6TH,0.00,,Y,A,-,N,,,,,,,,,,Y,3,0,1,2,A,-,12,21453,A,N,D,C,A,A,H,-,A,A,0,,,,,Y,,A,1,0,1,0,0,0,0,0,0,0,- ,- ,37.874088287353500,-122.29962921142600,ALAMEDA,BERKELEY,-122.29965972900400,37.874088287353500
9650844,2023,2024-01-13,103,2023-11-30,1728,112,,4,5,6,103,0,0,0,,0,8,SHATTUCK,WOOLSEY,0.00,,Y,B,-,N,,,,,,,,,,N,2,0,1,2,A,-,10,21950,A,N,G,B,B,A,H,-,C,A,0,Y,,,,Y,,A,1,1,0,0,0,1,0,0,0,0,- ,- ,37.852378845214800,-122.26612091064500,ALAMEDA,BERKELEY,-122.26615142822300,37.852363586425800
9650845,2023,2024-01-13,103,2023-11-30,945,107,40,4,5,6,103,0,0,0,,0,9,ADELINE,STANFORD,0.00,,Y,A,-,N,,,,,,,,,,Y,3,0,1,2,A,-,9,21801,A,N,D,C,A,A,H,-,A,A,0,,,,,Y,,A,1,0,1,0,0,0,0,0,0,0,- ,- ,37.846549987793000,-122.27203369140600,ALAMEDA,BERKELEY,-122.27252960205100,37.846736907959000
9650846,2023,2024-01-13,103,2023-11-30,1000,112,,4,5,6,103,0,0,0,,0,9,ALCATRAZ,ADELINE,0.00,,Y,A,-,N,,,,,,,,,,N,2,0,1,2,A,-,10,21950,A,F,G,B,B,A,H,-,A,A,0,Y,,,,Y,,A,1,1,0,0,0,1,0,0,0,0,- ,- ,37.848751068115200,-122.27144622802700,ALAMEDA,BERKELEY,-122.27153015136700,37.848724365234400
9650847,2023,2024-01-13,103,2023-11-28,821,101,,2,5,6,103,0,0,0,,0,13,10TH,DELAWARE,0.00,,Y,A,-,N,,,,,,,,,,N,3,0,1,2,A,-,9,21802,A,N,D,G,A,A,H,-,A,A,0,,Y,,,Y,,A,1,0,1,0,0,0,0,1,0,0,- ,- ,,,ALAMEDA,BERKELEY,-122.29410552978500,37.871414184570300
9650848,2023,2024-01-13,103,2023-11-28,825,26,,2,5,6,103,0,0,0,,0,5,MCGEE,PARKER,0.00,,Y,A,-,N,,,,,,,,,,Y,4,0,1,2,A,-,9,21802,A,N,D,C,A,A,H,-,A,A,0,,,,,Y,,A,1,0,0,1,0,0,0,0,0,0,- ,- ,37.861129760742200,-122.27638244628900,ALAMEDA,BERKELEY,-122.27616119384800,37.861045837402300
9650849,2023,2024-01-13,103,2023-11-26,1732,55,17,7,5,6,103,0,0,0,,0,2,SHATTUCK AV,SHATTUCK PL,0.00,,Y,A,-,N,,,,,,,,,,N,2,0,1,2,A,-,9,21802,A,N,D,C,A,A,H,-,C,D,0,,,Y,,Y,,A,1,1,0,0,0,0,0,0,0,1,- ,- ,37.880760192871100,-122.27002716064500,ALAMEDA,BERKELEY,-122.26956176757800,37.881351470947300
9650850,2023,2024-01-13,103,2023-11-26,1855,19,,7,5,6,103,0,0,0,,0,14,CURTIS,CEDAR,0.00,,Y,A,-,N,,,,,,,,,,Y,3,0,2,2,A,-,1,23152,F,N,D,C,A,A,H,-,C,A,0,,,,,Y,,A,1,0,2,0,0,0,0,0,0,0,- ,- ,37.875659942627000,-122.29061126709000,ALAMEDA,BERKELEY,-122.29056549072300,37.87567138671880
9650851,2023,2024-01-13,103,2023-11-21,1224,107,39,2,5,6,103,0,0,0,,0,8,TELEGRAPH,PRINCE ST,55.00,S,N,A,-,N,,,,,,,,,,N,3,0,1,2,A,-,10,21950,A,N,G,B,B,A,H,-,A,A,0,Y,,,,Y,,A,7,0,1,0,0,1,0,0,0,0,- ,- ,37.853691101074200,-122.26001739502000,ALAMEDA,BERKELEY,-122.26006317138700,37.853569030761700
9650852,2023,2024-01-13,103,2023-11-26,1724,51,39,7,5,6,103,0,0,0,,0,8,TELEGRAPH,DOWLING,0.00,,Y,A,-,N,,,,,,,,,,N,3,0,1,2,A,-,10,21950,A,N,G,B,B,A,H,-,C,D,0,Y,,,,Y,,A,8,0,1,0,0,1,0,0,0,0,- ,- ,37.854011535644500,-122.26030731201200,ALAMEDA,BERKELEY,-122.25997924804700,37.854469299316400
9650853,2023,2024-01-13,103,2023-11-18,1415,23,29,6,5,6,103,0,0,0,,0,6,DURANT,BANCROFT,0.00,,Y,B,C,N,,,,,,,,,,,4,0,1,2,A,-,9,21804,A,N,D,C,A,B,H,-,A,D,0,,,,,Y,,A,1,0,0,1,0,0,0,0,0,0,- ,- ,37.866691589355500,-122.26767730712900,ALAMEDA,BERKELEY,-122.25228118896500,37.868919372558600
9650854,2023,2024-01-13,103,2023-11-20,1330,150,,1,5,6,103,0,0,0,,0,7,TELEGRAPH,HOWE,0.00,,Y,A,-,N,,,,,,,,,,N,3,0,1,2,A,-,8,22107,,N,D,C,A,A,H,-,A,D,0,,,,,Y,,A,1,0,1,0,0,0,0,0,0,0,- ,- ,37.857170104980500,-122.25920104980500,ALAMEDA,BERKELEY,-122.25955963134800,37.857139587402300
9650855,2023,2024-01-13,103,2023-11-17,1605,149,,5,5,6,103,0,0,0,,0,8,ASHBY,COLBY ST,135.00,E,N,-,-,N,,,,,,,,,,N,3,0,1,2,A,-,3,22350,,N,C,C,A,B,H,-,A,D,0,,,,,Y,,A,8,0,1,0,0,0,0,0,0,0,- ,- ,37.856369018554700,-122.25798797607400,ALAMEDA,BERKELEY,-122.25749206543000,37.856472015380900
9650856,2023,2024-01-13,103,2023-11-17,1618,28,,5,5,6,103,0,0,0,,0,2,HOPKINS,ALBINA,0.00,,Y,C,-,N,,,,,,,,,,,2,0,1,2,A,-,9,21801,A,N,D,G,A,B,H,-,A,A,0,,Y,,,Y,,A,1,1,0,0,0,0,0,1,0,0,- ,- ,37.880428314209000,-122.2843017578130,ALAMEDA,BERKELEY,-122.28431701660200,37.880443572998000
9650857,2023,2024-01-13,103,2023-11-08,1830,42,,3,5,6,103,0,0,0,,0,3,UNIVERSITY,GRANT ST,190.00,W,N,A,-,N,,,,,,,,,,N,3,0,1,2,A,-,3,22350,,N,B,G,A,A,H,-,C,A,0,,Y,,,Y,,L,4,0,1,0,0,0,0,1,0,0,- ,- ,37.870761871337900,-122.27635955810500,ALAMEDA,BERKELEY,-122.27593231201200,37.871242523193400
9650858,2023,2024-01-13,103,2023-11-12,1442,149,38,7,5,6,103,0,0,0,,0,7,TUNNEL,VICENTE RD,180.00,W,N,A,-,N,,,,,,,,,,N,2,0,1,1,A,-,3,22350,,N,H,I,A,A,H,-,A,D,0,,Y,,,Y,,L,4,1,0,0,0,0,0,1,0,0,- ,- ,37.853610992431600,-122.23590087890600,ALAMEDA,BERKELEY,-122.23616790771500,37.854030609130900
9650859,2023,2024-01-13,103,2023-11-06,1219,146,,1,5,6,103,0,0,0,,0,5,DWIGHT,SHATTUCK AV,80.00,W,N,A,-,N,,,,,,,,,,Y,4,0,2,2,A,-,8,22107,,N,D,C,A,A,H,-,A,D,0,,,,,Y,,A,7,0,0,2,0,0,0,0,0,0,- ,- ,37.864200592041000,-122.26898956298800,ALAMEDA,BERKELEY,-122.26768493652300,37.863933563232400
9650860,2023,2024-01-13,103,2023-11-07,1720,122,,2,5,6,103,0,0,0,,0,1,MARIN,HILLDALE,0.00,,Y,A,-,N,,,,,,,,,,N,3,0,1,2,A,-,10,21950,A,N,A,B,B,A,H,-,D,D,0,Y,,,,Y,,A,1,0,1,0,0,1,0,0,0,0,- ,- ,37.895858764648400,-122.26348876953100,ALAMEDA,BERKELEY,-122.26348114013700,37.895866394043000
9650942,2023,2024-01-10,103,2023-11-17,746,55,35,5,5,6,103,0,0,0,,0,9,MARTIN LUTHER KING JR WY,CARLETON ST,0.00,,Y,A,-,N,,,,,,,,,,N,3,0,1,2,A,-,9,21802,A,N,B,G,A,A,D,-,A,D,0,,Y,,,Y,,L,4,0,1,0,0,0,0,1,0,0,- ,- ,37.860630035400400,-122.27179718017600,ALAMEDA,BERKELEY,-122.27180480957000,37.860633850097700
9651061,2023,2024-01-10,103,2023-11-13,1439,144,,1,5,6,103,0,0,0,,0,10,SACRAMENTO AV,ALCATRAZ,0.00,,Y,A,-,N,,,,,,,,,,Y,3,0,2,2,A,-,9,21801,A,N,A,C,A,A,H,-,A,A,0,,,,,Y,,D,22,0,2,0,0,0,0,0,0,0,- ,- ,,,ALAMEDA,BERKELEY,-122.27783966064500,37.847915649414100
9651065,2023,2024-01-09,103,2023-11-15,1920,99,24,3,5,6,103,0,0,0,,0,4,UNIVERSITY,SHATTUCK AV,0.00,,Y,A,-,N,,,,,,,,,,N,4,0,1,2,A,-,9,21801,A,N,B,C,A,B,H,-,C,A,0,,,,,Y,,A,1,0,0,1,0,0,0,0,0,0,- ,- ,37.872150421142600,-122.26840972900400,ALAMEDA,BERKELEY,-122.26841735839800,37.872100830078100
9651069,2023,2024-02-16,103,2023-11-15,1900,46,,3,5,6,103,0,0,0,,0,3,UNIVERSITY AV,SAN PABLO AV,0.00,,Y,B,-,Y,ALA,4,123,-,-,3.150,I,5,S,N,3,0,1,2,A,-,10,21950,A,F,G,B,B,-,H,-,-,A,0,Y,,,,Y,,D,22,0,1,0,0,1,0,0,0,0,- ,- ,37.869098663330100,-122.29212188720700,ALAMEDA,BERKELEY,-122.29224395752000,37.869098663330100
9651295,2023,2024-01-04,103,2023-10-31,1542,54,,2,5,6,103,0,0,0,,0,1,EUCLID,POPLAR ST,400.00,S,N,A,-,N,,,,,,,,,,N,3,0,1,2,A,-,3,22350,,N,C,G,A,A,E,-,A,D,0,,Y,,,Y,,L,4,0,1,0,0,0,0,1,0,0,- ,- ,37.896678924560500,-122.26614379882800,ALAMEDA,BERKELEY,-122.265625,37.896900177002000
9651298,2023,2024-01-04,103,2023-10-28,131,19,W,6,5,6,103,0,0,0,,0,4,FULTON,KITTRIDGE ST,57.00,S,N,A,-,N,,,,,,,,,,Y,3,0,1,1,A,-,1,23152,A,N,E,I,A,A,H,-,C,D,0,,,,,Y,Y,A,1,0,1,0,0,0,0,0,0,0,- ,- ,37.868991851806600,-122.26645660400400,ALAMEDA,BERKELEY,-122.26619720459000,37.868560791015600
9652081,2023,2024-02-02,103,2023-12-31,1753,23,29,7,5,6,103,0,0,0,,0,6,SHATTUCK AV,CHANNING,0.00,,Y,A,-,N,,,,,,,,,,Y,3,0,3,2,A,-,12,21457,A,N,D,C,A,A,H,-,C,A,0,,,,,Y,,A,1,0,3,0,0,0,0,0,0,0,- ,- ,37.865489959716800,-122.26799011230500,ALAMEDA,BERKELEY,-122.26761627197300,37.865779876709000
9652082,2023,2024-02-02,103,2023-12-31,814,150,,7,5,6,103,0,0,0,,0,7,CLAREMONT,AVALON AV,0.00,,Y,A,-,N,,,,,,,,,,Y,3,0,1,1,A,-,3,22350,,N,F,I,A,A,H,-,A,D,0,,,,,Y,,A,1,0,1,0,0,0,0,0,0,0,- ,- ,37.859821319580100,-122.24436950683600,ALAMEDA,BERKELEY,-122.24440002441400,37.859794616699200
9652083,2023,2024-03-15,103,2023-12-30,1757,69,24,6,5,6,103,0,0,0,,0,3,BERKELEY WY,MARTIN LUTHER KING JR WY,0.00,,Y,C,-,N,,,,,,,,,,N,3,0,1,2,A,-,10,21950,A,N,G,B,B,B,H,-,C,A,0,Y,,,,Y,,A,1,0,1,0,0,1,0,0,0,0,- ,- ,37.872451782226600,-122.27307891845700,ALAMEDA,BERKELEY,-122.27310943603500,37.872451782226600
9652084,2023,2024-02-05,103,2023-12-28,1837,42,,4,5,6,103,0,0,0,,0,3,UNIVERSITY,SACRAMENTO,0.00,,Y,A,-,N,,,,,,,,,,N,3,0,1,2,A,-,11,21456,B,F,G,B,B,A,H,-,C,A,0,Y,,,,Y,,N,60,0,1,0,0,1,0,0,0,0,- ,- ,37.870410919189500,-122.28193664550800,ALAMEDA,BERKELEY,-122.28204345703100,37.870460510253900
9652085,2023,2024-02-05,103,2023-12-28,1206,S31,15,4,5,6,103,0,0,0,,0,2,EUCLID AV,KEITH AV,158.00,S,N,A,-,N,,,,,,,,,,Y,3,0,1,2,A,-,8,22107,,N,E,E,A,A,H,-,A,A,0,,,,,Y,,A,1,0,1,0,0,0,0,0,0,0,- ,- ,,,ALAMEDA,BERKELEY,-122.26280975341800,37.890277862548800
9652086,2023,2024-02-05,103,2023-12-27,1914,155,,3,5,6,103,0,0,0,,0,14,CEDAR AV,10TH,0.00,,Y,C,-,N,,,,,,,,,,Y,3,0,1,2,A,-,9,21802,A,N,D,C,A,B,H,-,A,D,0,,,,,Y,,A,1,0,1,0,0,0,0,0,0,0,- ,- ,37.874980926513700,-122.29527282714800,ALAMEDA,BERKELEY,-122.29525756835900,37.874977111816400
9652087,2023,2024-02-05,103,2023-12-22,1239,150,,5,5,6,103,0,0,0,,0,1,LA VEREDA RD,LA LOMA AV,0.00,,Y,A,-,N,,,,,,,,,,Y,3,0,1,3,A,-,3,22350,,N,H,J,A,A,H,-,A,D,0,,,,,Y,,A,1,0,1,0,0,0,0,0,0,0,- ,- ,37.880550384521500,-122.25810241699200,ALAMEDA,BERKELEY,-122.25808715820300,37.880523681640600
9652088,2023,2024-02-05,103,2023-12-22,1032,26,,5,5,6,103,0,0,0,,0,14,CORNELL AV,HOPKINS ST,0.00,,Y,A,-,N,,,,,,,,,,Y,3,0,1,2,A,-,9,21802,A,N,D,C,A,A,H,-,A,A,0,,,,,Y,,A,1,0,1,0,0,0,0,0,0,0,- ,- ,37.876419067382800,-122.29174041748000,ALAMEDA,BERKELEY,-122.29173278808600,37.876445770263700
9652089,2023,2024-02-05,103,2023-12-21,1838,145,,4,5,6,103,0,0,0,,0,1,HOPKINS ST,SUTTER ST,0.00,,Y,A,-,N,,,,,,,,,,N,3,0,1,2,A,-,9,21801,A,N,D,G,A,A,H,-,C,A,0,,Y,,,Y,,L,4,0,1,0,0,0,0,1,0,0,- ,- ,37.888858795166000,-122.27237701416000,ALAMEDA,BERKELEY,-122.27239227294900,37.88848876953130
9652090,2023,2024-02-05,103,2023-12-20,1608,30,,3,5,6,103,0,0,0,,0,2,THE ALAMEDA,LOS ANGELES AV,0.00,,Y,A,-,N,,,,,,,,,,N,4,0,1,1,A,-,3,22350,,N,H,J,A,B,H,-,A,D,0,,Y,,,Y,,L,4,0,0,1,0,0,0,1,0,0,- ,- ,37.890048980712900,-122.27677917480500,ALAMEDA,BERKELEY,-122.27680969238300,37.890090942382800
9652091,2023,2024-02-05,103,2023-12-20,1100,75,,3,5,6,103,0,0,0,,0,9,ALCATRAZ,ADELINE AV,0.00,,Y,C,-,N,,,,,,,,,,N,3,0,1,2,A,-,3,22350,,F,C,C,A,B,H,-,A,D,0,,,,,Y,,A,1,0,1,0,0,0,0,0,0,0,- ,- ,,,ALAMEDA,BERKELEY,-122.27153015136700,37.848724365234400
9652092,2023,2024-02-05,103,2023-12-19,2319,70,,2,5,6,103,0,0,0,,0,13,CEDAR ST,2ND ST,0.00,,Y,B,-,N,,,,,,,,,,N,3,0,1,2,A,-,12,22450,A,N,A,G,A,B,A,-,C,C,0,,Y,,,Y,,A,1,0,1,0,0,0,0,1,0,0,- ,- ,37.873191833496100,-122.3040771484380,ALAMEDA,BERKELEY,-122.30406188964800,37.873180389404300
9652093,2023,2024-02-05,103,2023-12-19,1849,94,39(01,2,5,6,103,0,0,0,,0,8,WEBSTER,DOWLING PL,0.00,,Y,A,-,N,,,,,,,,,,N,3,0,1,2,A,-,9,21801,A,N,D,C,A,A,-,-,C,D,0,,,,,Y,,A,1,0,1,0,0,0,0,0,0,0,- ,- ,37.855190277099600,-122.25981140136700,ALAMEDA,BERKELEY,,
9652094,2023,2024-02-05,103,2023-12-17,1907,55,,7,5,6,103,0,0,0,,0,1,EUCLID AV,CEDAR AV,0.00,,Y,A,-,N,,,,,,,,,,Y,3,0,1,2,A,-,9,21801,A,N,D,C,A,A,H,-,C,A,0,,,,,Y,,A,1,0,1,0,0,0,0,0,0,0,- ,- ,37.879470825195300,-122.26104736328100,ALAMEDA,BERKELEY,-122.26103973388700,37.879470825195300
9652095,2023,2024-02-05,103,2023-12-15,1504,55,,5,5,6,103,0,0,0,,0,1,HEARST AV,GAYLEY,0.00,,Y,A,-,N,,,,,,,,,,N,3,0,1,2,A,-,21,22106,,N,D,D,A,A,H,-,A,A,0,,,Y,,Y,,C,2,0,1,0,0,0,0,0,0,1,- ,- ,37.875518798828100,-122.25678253173800,ALAMEDA,BERKELEY,-122.25677490234400,37.875537872314500
9652096,2023,2024-02-05,103,2023-12-15,853,150,,5,5,6,103,0,0,0,,0,7,PIEDMONT AV,CHANNING WY,0.00,,Y,A,-,N,,,,,,,,,,Y,3,0,1,1,A,-,8,22107,,N,A,I,A,A,H,-,A,D,0,,,,,Y,,A,1,0,1,0,0,0,0,0,0,0,- ,- ,37.867759704589800,-122.25203704834000,ALAMEDA,BERKELEY,-122.25205993652300,37.867706298828100
9652097,2023,2024-02-05,103,2023-12-15,20,38,,5,5,6,103,0,0,0,,0,1,MARIN AV,REGAL RD,0.00,,Y,A,-,N,,,,,,,,,,N,3,0,1,2,A,-,9,21802,A,N,D,C,A,-,H,-,C,A,0,,,,,Y,,A,1,0,1,0,0,0,0,0,0,0,- ,- ,37.894489288330100,-122.26560974121100,ALAMEDA,BERKELEY,-122.26560211181600,37.894508361816400
9652098,2023,2024-02-05,103,2023-12-14,140,70,,4,5,6,103,0,0,0,,0,13,2ND ST,PAGE ST,225.00,E,N,A,-,N,,,,,,,,,,N,3,0,1,2,A,-,0,23103,A,F,G,B,E,A,G,-,C,D,0,Y,,,,Y,Y,A,1,0,1,0,0,1,0,0,0,0,- ,- ,37.875541687011700,-122.30481719970700,ALAMEDA,BERKELEY,-122.30463409423800,37.874931335449200
9652099,2023,2024-02-05,103,2023-12-12,1846,87,25,2,5,6,103,0,0,0,,0,1,RIDGE,LE ROY,0.00,,Y,A,-,N,,,,,,,,,,N,3,0,1,2,A,-,12,22450,A,N,D,G,A,A,H,-,D,A,0,,Y,,,Y,,L,4,0,1,0,0,0,0,1,0,0,- ,- ,37.876270294189500,-122.25849914550800,ALAMEDA,BERKELEY,-122.25849151611300,37.876285552978500
9652100,2023,2024-02-05,103,2023-12-12,1157,87,13,2,5,6,103,0,0,0,,0,1,SOLANO,COLUSA,0.00,,Y,A,-,N,,,,,,,,,,N,3,0,1,2,A,-,6,21750,,N,D,G,A,A,H,-,A,D,0,,Y,,,Y,,L,4,0,1,0,0,0,0,1,0,0,- ,- ,37.890659332275400,-122.27837371826200,ALAMEDA,BERKELEY,-122.27984619140600,37.891342163085900
9652101,2023,2024-01-30,103,2023-12-07,2330,20,,4,5,6,103,0,0,0,,0,1,HEARST,LE CONTE,0.00,,Y,A,-,N,,,,,,,,,,N,3,0,1,1,A,-,3,22350,,N,E,I,A,A,H,-,C,D,0,,Y,,,Y,Y,L,4,0,1,0,0,0,0,1,0,0,- ,- ,37.874599456787100,-122.26396179199200,ALAMEDA,BERKELEY,-122.26396179199200,37.87457275390630
9652102,2023,2024-01-30,103,2023-12-07,1335,85,32,4,5,6,103,0,0,0,,0,5,CHANNING,JEFFERSON,0.00,,Y,C,-,N,,,,,,,,,,Y,4,0,2,2,A,-,9,21802,A,N,D,C,A,B,H,-,A,A,0,,,,,Y,,A,1,0,0,2,0,0,0,0,0,0,- ,- ,37.86444091796880,-122.27796173095700,ALAMEDA,BERKELEY,-122.27796936035200,37.86444091796880
9652103,2023,2024-01-30,103,2023-12-07,1112,61,29,4,5,6,103,0,0,0,,0,6,SHATTUCK,CHANNING,0.00,,Y,A,-,N,,,,,,,,,,N,3,0,1,2,A,-,8,22107,,N,B,C,A,A,H,-,A,A,0,,,Y,,Y,,A,1,0,1,0,0,0,0,0,0,1,- ,- ,37.865779876709000,-122.267578125,ALAMEDA,BERKELEY,-122.26761627197300,37.865779876709000
9652104,2023,2024-01-30,103,2023-12-07,832,S31,3901,4,5,6,103,0,0,0,,0,11,ADELINE,FAIRVIEW,0.00,,Y,A,-,N,,,,,,,,,,Y,3,0,1,2,A,-,9,21801,A,N,D,C,A,A,H,-,A,A,0,,,,,Y,,A,1,0,1,0,0,0,0,0,0,0,- ,- ,,,ALAMEDA,BERKELEY,-122.27077484130900,37.850677490234400
9652105,2023,2024-01-30,103,2023-12-06,2147,33,,3,5,6,103,0,0,0,,0,3,GRANT,UNIVERSITY,0.00,,Y,A,-,N,,,,,,,,,,Y,3,0,2,2,A,-,9,21802,A,N,D,C,A,B,H,-,C,A,0,,,,,Y,,A,1,0,2,0,0,0,0,0,0,0,- ,- ,37.871261596679700,-122.27523803710900,ALAMEDA,BERKELEY,-122.27527618408200,37.871334075927700
9652106,2023,2024-01-30,103,2023-12-05,2114,24,,2,5,6,103,0,0,0,,0,3,SHATTUCK,UNIVERSITY,0.00,,Y,A,-,N,,,,,,,,,,N,3,0,1,2,A,-,4,21703,,F,C,C,A,A,H,-,C,A,0,,,,,Y,,A,1,0,1,0,0,0,0,0,0,0,- ,- ,37.871250152587900,-122.26769256591800,ALAMEDA,BERKELEY,-122.26841735839800,37.872100830078100
9652107,2023,2024-01-30,103,2023-12-05,1838,30,,2,5,6,103,0,0,0,,0,2,COLUSA,MONTEREY,0.00,,Y,A,-,N,,,,,,,,,,N,3,0,2,2,A,-,1,23152,A,N,D,D,A,A,H,-,C,A,0,,,,,Y,Y,A,1,0,2,0,0,0,0,0,0,0,- ,- ,37.886890411377000,-122.27857971191400,ALAMEDA,BERKELEY,-122.27912139892600,37.886875152587900
9652108,2023,2024-01-30,103,2023-12-05,1027,42,,2,5,6,103,0,0,0,,0,3,UNIVERSITY,SACRAMENTO ST,20.00,W,N,A,-,N,,,,,,,,,,N,3,0,1,2,A,-,3,22350,,F,C,C,A,A,H,-,A,A,0,,,,,Y,,A,1,0,1,0,0,0,0,0,0,0,- ,- ,37.8709716796875,-122.27749633789100,ALAMEDA,BERKELEY,-122.28211212158200,37.870452880859400
9652109,2023,2024-01-30,103,2023-12-04,1941,30,,1,5,6,103,0,0,0,,0,2,CEDAR,BONITA,0.00,,Y,A,-,N,,,,,,,,,,Y,3,0,1,2,A,-,10,21950,A,N,G,B,B,A,-,-,C,D,0,Y,,,,Y,,A,1,0,1,0,0,1,0,0,0,0,- ,- ,37.877979278564500,-122.27255249023400,ALAMEDA,BERKELEY,-122.27254486084000,37.877975463867200
9652110,2023,2024-01-30,103,2023-12-04,1831,94,37,1,5,6,103,0,0,0,,0,7,DERBY,CLAREMONT,0.00,,Y,A,-,N,,,,,,,,,,N,3,0,1,2,A,-,11,21456,A,N,G,B,B,A,H,-,C,A,0,Y,,,,Y,,N,60,0,1,0,0,1,0,0,0,0,- ,- ,37.862480163574200,-122.24706268310500,ALAMEDA,BERKELEY,-122.24705505371100,37.86248779296880
9652111,2023,2024-01-30,103,2023-12-03,556,12,,7,5,6,103,0,0,0,,0,3,UNIVERSITY,MARTIN LUTHER KING JR,0.00,,Y,A,-,N,,,,,,,,,,N,4,0,1,2,A,-,11,21954,A,F,G,B,F,A,H,-,C,D,0,Y,,,,Y,Y,N,60,0,0,1,0,1,0,0,0,0,- ,- ,37.871528625488300,-122.27340698242200,ALAMEDA,BERKELEY,-122.27300262451200,37.871524810791000
9652112,2023,2024-01-30,103,2023-12-02,1034,12,,6,5,6,103,0,0,0,,0,13,GILMAN,10TH,0.00,,Y,C,-,N,,,,,,,,,,,3,0,1,2,A,-,4,21703,,N,C,C,A,B,H,-,A,A,0,,,,,Y,,A,1,0,1,0,0,0,0,0,0,0,- ,- ,37.8802490234375,-122.29695892334000,ALAMEDA,BERKELEY,-122.29696655273400,37.880252838134800
9652113,2023,2024-01-30,103,2023-12-01,2030,64,,5,5,6,103,0,0,0,,0,12,ADDISON,5TH,0.00,,Y,A,-,N,,,,,,,,,,N,4,0,1,2,A,-,8,22107,,F,D,G,A,A,H,-,C,A,0,,Y,,,Y,,A,1,0,0,1,0,0,0,1,0,0,- ,- ,37.866470336914100,-122.29840087890600,ALAMEDA,BERKELEY,-122.29837799072300,37.866455078125
9652130,2023,2024-01-30,103,2023-11-19,2133,57,28,7,5,6,103,0,0,0,,0,6,HASTE,TELEGRAPH,0.00,,Y,A,-,N,,,,,,,,,,,3,0,1,2,A,-,12,21453,A,F,G,B,B,A,H,-,C,A,0,Y,,,,Y,,A,1,0,1,0,0,1,0,0,0,0,- ,- ,37.866008758544900,-122.25862121582000,ALAMEDA,BERKELEY,-122.25865173339800,37.866031646728500
9652131,2023,2024-01-30,103,2023-11-08,2000,18,,3,5,6,103,0,0,0,,0,8,CARLETON,FULTON,0.00,,Y,A,-,N,,,,,,,,,,Y,4,0,2,2,A,-,9,21802,A,N,D,C,A,-,H,-,D,A,0,,,,,Y,,A,7,0,0,2,0,0,0,0,0,0,- ,- ,37.861568450927700,-122.26467895507800,ALAMEDA,BERKELEY,-122.26467895507800,37.861568450927700
9652831,2023,2024-02-01,103,2023-12-06,1225,1,23,3,5,6,103,0,0,0,,0,2,CALIFORNIA,HEARST,0.00,,Y,B,C,N,,,,,,,,,,N,3,0,1,2,A,-,12,22450,A,N,D,G,A,D,H,-,A,A,0,,Y,,,Y,,L,4,0,1,0,0,0,0,1,0,0,- ,- ,37.872428894043000,-122.27989959716800,ALAMEDA,BERKELEY,-122.27994537353500,37.872421264648400
9652832,2023,2024-02-01,103,2023-12-31,1120,S28,,7,5,6,103,0,0,0,,0,14,GILMAN,10TH ST,50.00,E,N,B,-,N,,,,,,,,,,,4,0,1,2,A,-,8,22107,,N,B,C,A,A,H,-,A,D,0,,,,,Y,,D,22,0,0,1,0,0,0,0,0,0,- ,- ,,,ALAMEDA,BERKELEY,-122.29679870605500,37.880283355712900
9652835,2023,2024-02-01,103,2023-12-04,1529,104,,1,5,6,103,0,0,0,,0,13,VIRGINIA,9TH,0.00,,Y,A,-,N,,,,,,,,,,N,3,0,1,2,A,-,9,21802,A,N,D,G,A,A,H,-,A,A,0,,Y,,,Y,,L,4,0,1,0,0,0,0,1,0,0,- ,- ,37.873001098632800,-122.29580688476600,ALAMEDA,BERKELEY,-122.29581451416000,37.872970581054700
9652840,2023,2024-02-01,103,2023-12-22,1803,149,4001,5,5,6,103,0,0,0,,0,10,ASHBY,SACRAMENTO,0.00,,Y,A,-,N,,,,,,,,,,N,3,0,1,2,A,-,8,22107,,N,B,C,A,A,H,-,-,A,0,,,,,Y,,M,94,0,1,0,0,0,0,0,0,0,- ,- ,37.853279113769500,-122.27900695800800,ALAMEDA,BERKELEY,-122.27906799316400,37.853279113769500
9652844,2023,2024-02-01,103,2023-12-13,1654,144,,3,5,6,103,0,0,0,,0,13,EASTSHORE,CEDAR ST,200.00,S,N,A,-,N,,,,,,,,,,Y,2,0,1,2,A,-,9,21804,A,N,D,C,A,A,D,-,C,D,0,,,Y,,Y,,D,22,1,0,0,0,0,0,0,0,1,- ,- ,,,ALAMEDA,BERKELEY,-122.30507659912100,37.872402191162100
9652847,2023,2024-02-01,103,2023-11-11,1910,1,24,6,5,6,103,0,0,0,,0,2,UNIVERSITY,SHATTUCK AV,0.00,,Y,A,-,N,,,,,,,,,,N,3,0,1,2,A,-,3,22350,,F,C,C,A,A,H,-,C,D,0,,,,,Y,,D,22,0,1,0,0,0,0,0,0,0,- ,- ,37.877231597900400,-122.27828979492200,ALAMEDA,BERKELEY,-122.26841735839800,37.872100830078100
9652848,2023,2024-02-01,103,2023-12-28,1409,112,,4,5,6,103,0,0,0,,0,4,SHATTUCK,BERKELEY SQ,0.00,,Y,A,-,N,,,,,,,,,,Y,3,0,1,3,A,-,21,22106,,N,G,B,F,A,H,-,A,A,0,Y,,,,Y,,A,1,0,1,0,0,1,0,0,0,0,- ,- ,37.871078491210900,-122.26793670654300,ALAMEDA,BERKELEY,-122.26828765869100,37.87115478515630
9652852,2023,2024-02-01,103,2023-12-14,2012,33,,4,5,6,103,0,0,0,,0,11,10TH,ADDISON ST,163.00,S,N,A,-,N,,,,,,,,,,N,3,0,1,2,A,-,3,22350,,F,B,E,A,A,H,-,C,D,0,,,,,Y,,A,1,0,1,0,0,0,0,0,0,0,- ,- ,37.867149353027300,-122.29241180419900,ALAMEDA,BERKELEY,-122.29273986816400,37.867160797119100
9656242,2023,2024-01-25,103,2023-11-09,1159,101,,4,5,6,103,0,0,0,,0,14,SAN PABLO AV,GILMAN,0.00,,Y,A,-,Y,ALA,4,123,-,-,3.480,I,5,S,Y,3,0,1,2,A,-,12,21453,A,N,D,C,A,A,H,-,A,A,0,,,,,Y,,A,1,0,1,0,0,0,0,0,0,0,- ,- ,,,ALAMEDA,BERKELEY,-122.29367065429700,37.873592376709000
9656246,2023,2024-01-25,103,2023-11-03,2343,S32,,5,5,6,103,0,0,0,,0,9,MARTIN LUTHER KING JR WY,ASHBY AV,0.00,,Y,A,-,Y,ALA,4,13,-,-,12.320,I,5,N,Y,3,0,3,2,A,-,1,23152,G,N,D,C,A,A,H,-,C,A,0,,,,,Y,Y,A,1,0,3,0,0,0,0,0,0,0,- ,- ,37.854419708252000,-122.2713623046880,ALAMEDA,BERKELEY,-122.27113342285200,37.854282379150400
9656250,2023,2024-01-25,103,2023-11-25,215,10,20,6,5,6,103,0,0,0,,0,11,7TH,ASHBY,0.00,,Y,A,-,Y,ALA,4,13,-,-,13.440,I,5,S,Y,3,0,1,2,A,-,9,21801,A,N,D,C,A,A,H,-,B,D,0,,,,,Y,,A,1,0,1,0,0,0,0,0,0,0,- ,- ,37.851009368896500,-122.29109954834000,ALAMEDA,BERKELEY,-122.29109954834000,37.851036071777300
9656254,2023,2024-01-25,103,2023-11-26,1035,64,,7,5,6,103,0,0,0,,0,11,GRAYSON ST,7TH ST,0.00,,Y,A,-,N,,,,,,,,,,N,4,0,1,2,A,-,8,22107,,N,D,G,A,A,H,-,A,A,0,,Y,,,Y,,A,1,0,0,1,0,0,0,1,0,0,- ,- ,37.855300903320300,-122.29247283935500,ALAMEDA,BERKELEY,-122.29248809814500,37.85528564453130
9656258,2023,2024-02-16,103,2023-11-28,1720,107,34,2,5,6,103,0,0,0,,0,9,MARTIN LUTHER KING JR WY,RT 13,0.00,,Y,A,-,Y,ALA,4,13,-,-,12.320,I,5,N,Y,2,0,1,2,A,-,9,21801,A,N,D,C,A,A,H,-,B,A,0,,,Y,,Y,,A,1,1,0,0,0,0,0,0,0,1,- ,- ,37.854320526123000,-122.27108001709000,ALAMEDA,BERKELEY,-122.27113342285200,37.854282379150400
9656269,2023,2024-01-25,103,2023-08-03,21,70,,4,5,6,103,0,0,0,,0,9,ASHBY AV,MARTIN LUTHER KING JR WY,0.00,,Y,A,-,Y,ALA,4,13,-,-,12.320,I,5,S,Y,3,0,3,2,A,-,12,21453,A,N,D,C,A,A,H,-,C,A,0,,,,,Y,,A,1,0,3,0,0,0,0,0,0,0,- ,- ,37.854320526123000,-122.27108001709000,ALAMEDA,BERKELEY,-122.27113342285200,37.854282379150400
9656285,2023,2024-01-25,103,2023-10-31,1150,84,3601,2,5,6,103,0,0,0,,0,8,TELEGRAPH,ASHBY AV,0.00,,Y,A,-,Y,ALA,4,13,-,-,11.610,I,5,S,N,4,0,1,2,A,-,12,21453,A,N,D,G,A,A,H,-,A,A,0,,Y,,,Y,,L,4,0,0,1,0,0,0,1,0,0,- ,- ,37.856189727783200,-122.25966644287100,ALAMEDA,BERKELEY,-122.25969696044900,37.856155395507800
9656290,2023,2024-02-16,103,2023-11-01,130,90,,3,5,6,103,0,0,0,,0,11,DWIGHT WY,RT 123,0.00,,Y,A,-,Y,ALA,4,123,-,-,2.570,I,5,S,Y,4,0,2,2,A,-,1,23153,G,N,D,C,A,A,H,-,C,A,0,,,,,Y,Y,A,1,0,0,2,0,0,0,0,0,0,- ,- ,37.861091613769500,-122.28955078125,ALAMEDA,BERKELEY,-122.28966522216800,37.861110687255900
9656313,2023,2024-01-25,103,2023-11-19,1733,15,,7,5,6,103,0,0,0,,0,11,SAN PABLO,DWIGHT WY,110.00,N,N,A,-,Y,ALA,4,123,-,-,2.590,H,-,N,N,2,0,1,1,C,-,18,,,N,H,J,A,A,A,-,C,D,0,,Y,,,Y,,-,- ,1,0,0,0,0,0,1,0,0,- ,- ,37.861900329589800,-122.2901611328130,ALAMEDA,BERKELEY,-122.28961944580100,37.861408233642600
9656317,2023,2024-01-25,103,2023-11-16,1338,107,35,4,5,6,103,0,0,0,,0,9,MARTIN LUTHER KING JR WY,ASHBY AV,280.00,N,N,A,-,N,,,,,,,,,,Y,3,0,1,3,A,-,1,23152,F,N,B,E,A,A,A,-,A,A,0,,,,,Y,,A,1,0,1,0,0,0,0,0,0,0,- ,- ,37.855148315429700,-122.27091217041000,ALAMEDA,BERKELEY,-122.27079010009800,37.854331970214800